crop,crop_group,climate,climate_group,relationship,x_label,y_label,n,intercept,slope,se,p_value,r2,slope_std,se_std,p_value_std
Alfalfa,Other,Cold Desert,Arid,GPP ~ SIF,SIF,GPP,46,0.006073312,0.106079221,0.005084867,1.91E-24,0.908182725,0.952986214,0.045681027,1.91E-24
Alfalfa,Other,Cold Semi-Arid,Arid,GPP ~ SIF,SIF,GPP,46,0.005771294,0.109182761,0.003905109,1.19E-29,0.946712092,0.972991311,0.034800701,1.19E-29
Alfalfa,Other,Hot Desert,Arid,GPP ~ SIF,SIF,GPP,46,0.014984687,0.055428075,0.017668039,0.003039906,0.182793948,0.427544089,0.136282298,0.003039906
Alfalfa,Other,Hot Summer Continental,Continental,GPP ~ SIF,SIF,GPP,39,0.006705049,0.140070698,0.005487248,4.32E-25,0.946268291,0.972763224,0.038107852,4.32E-25
Alfalfa,Other,Humid Subtropical,Temperate,GPP ~ SIF,SIF,GPP,40,0.003939395,0.135030719,0.005234029,1.09E-25,0.945989637,0.972619986,0.037700469,1.09E-25
Alfalfa,Other,Mediterranean (hot summer),Temperate,GPP ~ SIF,SIF,GPP,46,0.00474758,0.135359499,0.003633563,6.47E-35,0.969268442,0.984514318,0.026428101,6.47E-35
Alfalfa,Other,Mediterranean (warm summer),Temperate,GPP ~ SIF,SIF,GPP,46,0.004023318,0.126199428,0.004245086,9.12E-31,0.95257471,0.975999339,0.032830588,9.12E-31
Alfalfa,Other,Mediterranean Continental (warm summer),Continental,GPP ~ SIF,SIF,GPP,35,0.00684636,0.110226223,0.005835834,2.92E-19,0.915330331,0.956728975,0.050653209,2.92E-19
Alfalfa,Other,Warm Summer Continental,Continental,GPP ~ SIF,SIF,GPP,46,0.003838235,0.139834735,0.002883161,7.72E-40,0.981638339,0.990776634,0.020428178,7.72E-40
Alfalfa,Other,Cold Desert,Arid,SIF ~ NDVI,NDVI,SIF,53,-0.210131535,1.21096416,0.07337281,4.23E-22,0.842296022,0.917766867,0.055607867,4.23E-22
Alfalfa,Other,Cold Semi-Arid,Arid,SIF ~ NDVI,NDVI,SIF,53,-0.132919105,1.431008647,0.079361388,8.87E-24,0.864411,0.92973706,0.05156169,8.87E-24
Alfalfa,Other,Hot Desert,Arid,SIF ~ NDVI,NDVI,SIF,53,-0.156992749,1.115475227,0.231124145,1.30E-05,0.313530748,0.559938164,0.116018022,1.30E-05
Alfalfa,Other,Hot Summer Continental,Continental,SIF ~ NDVI,NDVI,SIF,53,-0.08453327,1.165505418,0.085903844,1.49E-18,0.783051323,0.884901872,0.065221895,1.49E-18
Alfalfa,Other,Humid Subtropical,Temperate,SIF ~ NDVI,NDVI,SIF,53,-0.029028772,0.907921547,0.078937824,8.85E-16,0.721752102,0.849559946,0.073863666,8.85E-16
Alfalfa,Other,Mediterranean (hot summer),Temperate,SIF ~ NDVI,NDVI,SIF,53,-0.128331243,1.260415957,0.09948755,2.24E-17,0.758871683,0.871132414,0.068760499,2.24E-17
Alfalfa,Other,Mediterranean (warm summer),Temperate,SIF ~ NDVI,NDVI,SIF,53,-0.136667759,1.249687618,0.075882562,4.65E-22,0.841722205,0.917454198,0.055708942,4.65E-22
Alfalfa,Other,Mediterranean Continental (warm summer),Continental,SIF ~ NDVI,NDVI,SIF,53,-0.004437844,0.808714808,0.091435845,7.13E-12,0.605346266,0.778040015,0.087967656,7.13E-12
Alfalfa,Other,Warm Summer Continental,Continental,SIF ~ NDVI,NDVI,SIF,53,-0.101572518,1.294250034,0.079351176,7.04E-22,0.839131638,0.916041286,0.056162991,7.04E-22
Alfalfa,Other,Cold Desert,Arid,GPP ~ NDVI,NDVI,GPP,46,-0.016673636,0.131534227,0.011254958,4.41E-15,0.756341831,0.869679154,0.074415628,4.41E-15
Alfalfa,Other,Cold Semi-Arid,Arid,GPP ~ NDVI,NDVI,GPP,46,-0.008444127,0.158809253,0.01149102,1.30E-17,0.812766333,0.901535542,0.065232742,1.30E-17
Alfalfa,Other,Hot Desert,Arid,GPP ~ NDVI,NDVI,GPP,46,-0.034614315,0.157397955,0.031007034,7.49E-06,0.369336773,0.607730839,0.119721573,7.49E-06
Alfalfa,Other,Hot Summer Continental,Continental,GPP ~ NDVI,NDVI,GPP,39,-0.009723237,0.176196733,0.016467831,7.04E-13,0.755740486,0.869333358,0.081250283,7.04E-13
Alfalfa,Other,Humid Subtropical,Temperate,GPP ~ NDVI,NDVI,GPP,40,-0.005227058,0.141668799,0.016390774,1.67E-10,0.662836535,0.814147735,0.094195131,1.67E-10
Alfalfa,Other,Mediterranean (hot summer),Temperate,GPP ~ NDVI,NDVI,GPP,46,-0.012181754,0.171036714,0.015414772,2.46E-14,0.736705343,0.85831541,0.077356121,2.46E-14
Alfalfa,Other,Mediterranean (warm summer),Temperate,GPP ~ NDVI,NDVI,GPP,46,-0.013019495,0.156981743,0.011185896,7.46E-18,0.817389755,0.904096099,0.064422301,7.46E-18
Alfalfa,Other,Mediterranean Continental (warm summer),Continental,GPP ~ NDVI,NDVI,GPP,35,-0.004454576,0.123628632,0.013511368,1.43E-10,0.717276897,0.846922013,0.092560071,1.43E-10
Alfalfa,Other,Warm Summer Continental,Continental,GPP ~ NDVI,NDVI,GPP,46,-0.011287322,0.184001558,0.012662731,2.11E-18,0.827551475,0.909698563,0.06260419,2.11E-18
Almonds,Perennial Crops,Cold Desert,Arid,GPP ~ SIF,SIF,GPP,46,0.008679087,0.134493163,0.011569883,5.28E-15,0.754364374,0.868541521,0.074716985,5.28E-15
Almonds,Perennial Crops,Cold Semi-Arid,Arid,GPP ~ SIF,SIF,GPP,46,0.010984325,0.124372376,0.00920414,2.90E-17,0.805818283,0.897673818,0.066432077,2.90E-17
Almonds,Perennial Crops,Hot Semi-Arid,Arid,GPP ~ SIF,SIF,GPP,46,0.011457391,0.125988165,0.012970658,1.63E-12,0.681962835,0.825810411,0.085018336,1.63E-12
Almonds,Perennial Crops,Mediterranean (hot summer),Temperate,GPP ~ SIF,SIF,GPP,46,0.006145917,0.160650703,0.0088536,4.74E-22,0.882116473,0.939210559,0.05176071,4.74E-22
Almonds,Perennial Crops,Cold Desert,Arid,SIF ~ NDVI,NDVI,SIF,53,-0.087796888,0.820716725,0.13447923,1.41E-07,0.422068158,0.649667729,0.106451852,1.41E-07
Almonds,Perennial Crops,Cold Semi-Arid,Arid,SIF ~ NDVI,NDVI,SIF,53,-0.212221167,1.228957531,0.098251086,3.68E-17,0.754167644,0.868428261,0.069427965,3.68E-17
Almonds,Perennial Crops,Hot Semi-Arid,Arid,SIF ~ NDVI,NDVI,SIF,53,-0.251209858,1.292853843,0.07959075,8.39E-22,0.838023281,0.915436115,0.056356136,8.39E-22
Almonds,Perennial Crops,Mediterranean (hot summer),Temperate,SIF ~ NDVI,NDVI,SIF,53,-0.159486001,1.054258334,0.08344579,2.50E-17,0.757856874,0.870549754,0.068905039,2.50E-17
Almonds,Perennial Crops,Cold Desert,Arid,GPP ~ NDVI,NDVI,GPP,46,-0.009957759,0.134991404,0.021224651,9.96E-08,0.478988874,0.692090221,0.108817103,9.96E-08
Almonds,Perennial Crops,Cold Semi-Arid,Arid,GPP ~ NDVI,NDVI,GPP,46,-0.011746337,0.144550349,0.019418296,2.57E-09,0.557404451,0.746595239,0.100294515,2.57E-09
Almonds,Perennial Crops,Hot Semi-Arid,Arid,GPP ~ NDVI,NDVI,GPP,46,-0.018236329,0.158161612,0.022192161,7.45E-09,0.535830203,0.732004237,0.102709851,7.45E-09
Almonds,Perennial Crops,Mediterranean (hot summer),Temperate,GPP ~ NDVI,NDVI,GPP,46,-0.020141424,0.171350267,0.018725864,9.60E-12,0.655525849,0.809645508,0.088481399,9.60E-12
Apples,Perennial Crops,Cold Semi-Arid,Arid,GPP ~ SIF,SIF,GPP,44,0.009250717,0.108731989,0.006552752,4.71E-20,0.86764929,0.93147694,0.056135616,4.71E-20
Apples,Perennial Crops,Warm Summer Continental,Continental,GPP ~ SIF,SIF,GPP,44,0.005431857,0.148826011,0.004840728,2.01E-30,0.957456617,0.978497122,0.031826682,2.01E-30
Apples,Perennial Crops,Cold Semi-Arid,Arid,SIF ~ NDVI,NDVI,SIF,50,-0.12177565,1.413284208,0.147316062,9.68E-13,0.657231555,0.81069819,0.084504493,9.68E-13
Apples,Perennial Crops,Warm Summer Continental,Continental,SIF ~ NDVI,NDVI,SIF,53,-0.062397082,1.462237972,0.100362936,8.20E-20,0.806282803,0.897932516,0.06163097,8.20E-20
Apples,Perennial Crops,Cold Semi-Arid,Arid,GPP ~ NDVI,NDVI,GPP,46,-0.008496232,0.175082325,0.014938406,4.01E-15,0.757395318,0.870284619,0.074254581,4.01E-15
Apples,Perennial Crops,Warm Summer Continental,Continental,GPP ~ NDVI,NDVI,GPP,44,-0.005198188,0.221731898,0.019230751,1.35E-14,0.759921124,0.871734549,0.075605315,1.35E-14
Barley,Cropland,Cold Semi-Arid,Arid,GPP ~ SIF,SIF,GPP,46,0.005330028,0.126883887,0.005206302,3.49E-27,0.931029729,0.964898818,0.039591743,3.49E-27
Barley,Cropland,Warm Summer Continental,Continental,GPP ~ SIF,SIF,GPP,37,0.002002435,0.09921439,0.00461014,9.10E-22,0.929739945,0.964230234,0.044804354,9.10E-22
Barley,Cropland,Cold Semi-Arid,Arid,SIF ~ NDVI,NDVI,SIF,53,-0.126478112,1.748876158,0.060757894,3.33E-33,0.942015046,0.970574596,0.033718836,3.33E-33
Barley,Cropland,Warm Summer Continental,Continental,SIF ~ NDVI,NDVI,SIF,53,-0.019841781,1.422942263,0.088559393,1.34E-21,0.835042057,0.913806357,0.056872396,1.34E-21
Barley,Cropland,Cold Semi-Arid,Arid,GPP ~ NDVI,NDVI,GPP,46,-0.009337658,0.214918221,0.014633886,1.43E-18,0.830566279,0.911354091,0.062054544,1.43E-18
Barley,Cropland,Warm Summer Continental,Continental,GPP ~ NDVI,NDVI,GPP,37,-0.003883397,0.154575261,0.012566253,2.89E-14,0.812141322,0.901188838,0.073262479,2.89E-14
Blueberries,Perennial Crops,Warm Summer Continental,Continental,GPP ~ SIF,SIF,GPP,46,0.01138306,0.148366935,0.007258012,4.32E-24,0.904734643,0.951175401,0.046530869,4.32E-24
Blueberries,Perennial Crops,Warm Summer Continental,Continental,SIF ~ NDVI,NDVI,SIF,53,-0.212509979,1.49986637,0.151654735,1.88E-13,0.657286246,0.81073192,0.081974859,1.88E-13
Blueberries,Perennial Crops,Warm Summer Continental,Continental,GPP ~ NDVI,NDVI,GPP,46,-0.026742429,0.241245335,0.025722505,4.65E-12,0.666568748,0.816436616,0.087051611,4.65E-12
Citrus,Perennial Crops,Hot Semi-Arid,Arid,GPP ~ SIF,SIF,GPP,46,0.006357549,0.173989755,0.015511948,1.72E-14,0.740886648,0.860747726,0.076739428,1.72E-14
Citrus,Perennial Crops,Humid Subtropical,Temperate,GPP ~ SIF,SIF,GPP,46,0.032421214,0.119958016,0.010142492,2.95E-15,0.760719205,0.872192184,0.073744152,2.95E-15
Citrus,Perennial Crops,Hot Semi-Arid,Arid,SIF ~ NDVI,NDVI,SIF,53,-0.05909378,0.641172708,0.153946655,1.20E-04,0.253801304,0.503786963,0.120960105,1.20E-04
Citrus,Perennial Crops,Humid Subtropical,Temperate,SIF ~ NDVI,NDVI,SIF,53,0.496064785,-0.273315323,0.280780913,0.334943368,0.018240129,-0.13505602,0.138745067,0.334943368
Citrus,Perennial Crops,Hot Semi-Arid,Arid,GPP ~ NDVI,NDVI,GPP,46,-0.009225714,0.127052996,0.03254506,3.21E-04,0.257265077,0.507213049,0.129924359,3.21E-04
Citrus,Perennial Crops,Humid Subtropical,Temperate,GPP ~ NDVI,NDVI,GPP,46,0.08508783,-0.013111296,0.050147319,0.794961223,0.001551204,-0.039385327,0.150638701,0.794961223
Clover/Wildflowers,Other,Mediterranean (hot summer),Temperate,GPP ~ SIF,SIF,GPP,46,4.29E-04,0.148282027,0.006267047,1.17E-26,0.92713103,0.962876435,0.040695368,1.17E-26
Clover/Wildflowers,Other,Mediterranean (hot summer),Temperate,SIF ~ NDVI,NDVI,SIF,53,-0.103368165,0.958337734,0.128372285,1.00E-09,0.522161932,0.72260773,0.096795526,1.00E-09
Clover/Wildflowers,Other,Mediterranean (hot summer),Temperate,GPP ~ NDVI,NDVI,GPP,46,-0.012221036,0.139003985,0.020591204,2.65E-08,0.508770999,0.713281851,0.10566123,2.65E-08
Corn,Cropland,Cold Semi-Arid,Arid,GPP ~ SIF,SIF,GPP,46,0.004628197,0.153976351,0.004772401,2.91E-32,0.959445522,0.9795129,0.030359392,2.91E-32
Corn,Cropland,Hot Summer Continental,Continental,GPP ~ SIF,SIF,GPP,46,0.011380764,0.133959793,0.004205902,5.01E-32,0.958429778,0.978994269,0.030737237,5.01E-32
Corn,Cropland,Humid Subtropical,Temperate,GPP ~ SIF,SIF,GPP,46,0.010245872,0.137752211,0.003964816,1.26E-33,0.964831559,0.982258397,0.028271589,1.26E-33
Corn,Cropland,Warm Summer Continental,Continental,GPP ~ SIF,SIF,GPP,42,0.011764394,0.129775136,0.004309121,4.18E-29,0.95776119,0.978652742,0.032495696,4.18E-29
Corn,Cropland,Cold Semi-Arid,Arid,SIF ~ NDVI,NDVI,SIF,53,-0.137886301,1.152149848,0.054239519,5.48E-27,0.898450444,0.947866258,0.044622503,5.48E-27
Corn,Cropland,Hot Summer Continental,Continental,SIF ~ NDVI,NDVI,SIF,53,-0.160150891,1.678446808,0.092924635,8.23E-24,0.864811919,0.929952643,0.051485403,8.23E-24
Corn,Cropland,Humid Subtropical,Temperate,SIF ~ NDVI,NDVI,SIF,53,-0.145856784,1.583478358,0.086075189,3.65E-24,0.869039219,0.93222273,0.050674041,3.65E-24
Corn,Cropland,Warm Summer Continental,Continental,SIF ~ NDVI,NDVI,SIF,53,-0.110628224,1.719726331,0.086275389,9.97E-26,0.886242993,0.941404798,0.047228482,9.97E-26
Corn,Cropland,Cold Semi-Arid,Arid,GPP ~ NDVI,NDVI,GPP,46,-0.015324334,0.174727794,0.012256499,4.23E-18,0.822029191,0.906658255,0.063598672,4.23E-18
Corn,Cropland,Hot Summer Continental,Continental,GPP ~ NDVI,NDVI,GPP,46,-0.010289399,0.227536449,0.016312172,9.30E-18,0.815568623,0.90308838,0.064742739,9.30E-18
Corn,Cropland,Humid Subtropical,Temperate,GPP ~ NDVI,NDVI,GPP,46,-0.010438223,0.220956023,0.015741176,7.41E-18,0.81745183,0.904130428,0.06441135,7.41E-18
Corn,Cropland,Warm Summer Continental,Continental,GPP ~ NDVI,NDVI,GPP,42,-0.005383567,0.226438063,0.015062685,4.74E-18,0.849619841,0.921748253,0.061314794,4.74E-18
Cotton,Cropland,Cold Semi-Arid,Arid,GPP ~ SIF,SIF,GPP,46,0.014471176,0.100992759,0.010149619,7.79E-13,0.692330172,0.832063803,0.083621146,7.79E-13
Cotton,Cropland,Hot Semi-Arid,Arid,GPP ~ SIF,SIF,GPP,46,0.011454967,0.110122553,0.010475285,1.40E-13,0.715237836,0.84571735,0.080447917,1.40E-13
Cotton,Cropland,Humid Subtropical,Temperate,GPP ~ SIF,SIF,GPP,46,0.018446672,0.11579734,0.005721067,6.40E-24,0.903015009,0.950271019,0.046948955,6.40E-24
Cotton,Cropland,Cold Semi-Arid,Arid,SIF ~ NDVI,NDVI,SIF,53,-0.143029007,1.018770864,0.089125581,1.11E-15,0.71925837,0.848091015,0.074193921,1.11E-15
Cotton,Cropland,Hot Semi-Arid,Arid,SIF ~ NDVI,NDVI,SIF,53,-0.101996405,0.923364431,0.099871462,1.74E-12,0.626318309,0.791402747,0.085598435,1.74E-12
Cotton,Cropland,Humid Subtropical,Temperate,SIF ~ NDVI,NDVI,SIF,53,-0.204803541,1.524660994,0.104406762,7.45E-20,0.80700105,0.898332372,0.061516609,7.45E-20
Cotton,Cropland,Cold Semi-Arid,Arid,GPP ~ NDVI,NDVI,GPP,46,-0.002377449,0.115395913,0.015620449,3.10E-09,0.553639414,0.744069496,0.1007202,3.10E-09
Cotton,Cropland,Hot Semi-Arid,Arid,GPP ~ NDVI,NDVI,GPP,46,-0.005091891,0.132981086,0.017379007,1.28E-09,0.57094266,0.755607478,0.098748687,1.28E-09
Cotton,Cropland,Humid Subtropical,Temperate,GPP ~ NDVI,NDVI,GPP,46,-0.007069794,0.184732374,0.015937841,5.81E-15,0.753289545,0.867922546,0.074880276,5.81E-15
Deciduous Forest,Natural Vegetation,Hot Summer Continental,Continental,GPP ~ SIF,SIF,GPP,46,0.009938306,0.099734923,0.003248086,2.34E-31,0.95541337,0.97745249,0.031832884,2.34E-31
Deciduous Forest,Natural Vegetation,Humid Subtropical,Temperate,GPP ~ SIF,SIF,GPP,46,0.015143323,0.094618626,0.003927858,5.63E-27,0.92951942,0.964115875,0.040022886,5.63E-27
Deciduous Forest,Natural Vegetation,Mediterranean Continental (warm summer),Continental,GPP ~ SIF,SIF,GPP,46,0.002718424,0.124617535,0.006299722,1.59E-23,0.898921484,0.9481147,0.047929521,1.59E-23
Deciduous Forest,Natural Vegetation,Subarctic,Continental,GPP ~ SIF,SIF,GPP,45,0.003019804,0.115553827,0.007226964,1.04E-19,0.856021904,0.925214518,0.057864737,1.04E-19
Deciduous Forest,Natural Vegetation,Temperate Oceanic,Temperate,GPP ~ SIF,SIF,GPP,46,0.012398856,0.091001049,0.003839047,1.09E-26,0.927378737,0.963005056,0.04062614,1.09E-26
Deciduous Forest,Natural Vegetation,Warm Summer Continental,Continental,GPP ~ SIF,SIF,GPP,46,0.006904609,0.125151035,0.005837348,6.39E-25,0.912639659,0.955321757,0.044558527,6.39E-25
Deciduous Forest,Natural Vegetation,Hot Summer Continental,Continental,SIF ~ NDVI,NDVI,SIF,53,-0.179311738,1.714622637,0.127990221,2.48E-18,0.778709758,0.882445329,0.065871271,2.48E-18
Deciduous Forest,Natural Vegetation,Humid Subtropical,Temperate,SIF ~ NDVI,NDVI,SIF,53,-0.267421021,1.814108595,0.229219602,1.98E-10,0.551198016,0.742427111,0.093808523,1.98E-10
Deciduous Forest,Natural Vegetation,Mediterranean Continental (warm summer),Continental,SIF ~ NDVI,NDVI,SIF,53,-0.028063351,0.672838581,0.062273665,8.63E-15,0.695954734,0.834239015,0.077211864,8.63E-15
Deciduous Forest,Natural Vegetation,Subarctic,Continental,SIF ~ NDVI,NDVI,SIF,53,-0.039687586,0.785217124,0.064970119,1.38E-16,0.741204809,0.860932523,0.071234932,1.38E-16
Deciduous Forest,Natural Vegetation,Temperate Oceanic,Temperate,SIF ~ NDVI,NDVI,SIF,53,-0.247040971,1.883599531,0.218178842,1.51E-11,0.593734148,0.770541464,0.089252435,1.51E-11
Deciduous Forest,Natural Vegetation,Warm Summer Continental,Continental,SIF ~ NDVI,NDVI,SIF,53,-0.070380589,3.679144447,0.283207821,8.39E-18,0.767934261,0.876318584,0.067455975,8.39E-18
Deciduous Forest,Natural Vegetation,Hot Summer Continental,Continental,GPP ~ NDVI,NDVI,GPP,46,-0.009344784,0.173393417,0.014084879,7.56E-16,0.774994822,0.880337902,0.071510517,7.56E-16
Deciduous Forest,Natural Vegetation,Humid Subtropical,Temperate,GPP ~ NDVI,NDVI,GPP,46,-0.015501607,0.190377576,0.022789394,1.26E-10,0.613307947,0.7831398,0.093746764,1.26E-10
Deciduous Forest,Natural Vegetation,Mediterranean Continental (warm summer),Continental,GPP ~ NDVI,NDVI,GPP,46,-0.00249724,0.091026301,0.008218375,2.60E-14,0.736015811,0.857913639,0.077457347,2.60E-14
Deciduous Forest,Natural Vegetation,Subarctic,Continental,GPP ~ NDVI,NDVI,GPP,45,-0.003176141,0.099505812,0.009071496,4.84E-14,0.736713762,0.858320314,0.07824919,4.84E-14
Deciduous Forest,Natural Vegetation,Temperate Oceanic,Temperate,GPP ~ NDVI,NDVI,GPP,46,-0.012720254,0.182816505,0.021514023,7.87E-11,0.621369791,0.788270126,0.09276439,7.87E-11
Deciduous Forest,Natural Vegetation,Warm Summer Continental,Continental,GPP ~ NDVI,NDVI,GPP,46,-0.003678982,0.465661025,0.03819558,1.05E-15,0.771585704,0.878399513,0.072050219,1.05E-15
Durum Wheat,Cropland,Cold Semi-Arid,Arid,GPP ~ SIF,SIF,GPP,44,0.009572777,0.147492835,0.00664043,7.79E-25,0.921545701,0.959971719,0.043219897,7.79E-25
Durum Wheat,Cropland,Cold Semi-Arid,Arid,SIF ~ NDVI,NDVI,SIF,52,-0.104581337,1.184505468,0.080238478,7.36E-20,0.813381211,0.901876494,0.061093173,7.36E-20
Durum Wheat,Cropland,Cold Semi-Arid,Arid,GPP ~ NDVI,NDVI,GPP,45,-0.008183502,0.187703461,0.012665617,1.67E-18,0.836271612,0.914478874,0.061706053,1.67E-18
Evergreen Forest,Natural Vegetation,Cold Desert,Arid,GPP ~ SIF,SIF,GPP,46,0.004149938,0.215052718,0.021443971,6.12E-13,0.695654528,0.834059067,0.083168158,6.12E-13
Evergreen Forest,Natural Vegetation,Cold Semi-Arid,Arid,GPP ~ SIF,SIF,GPP,46,0.003380094,0.233847388,0.014626396,6.05E-20,0.853146041,0.92365905,0.057771879,6.05E-20
Evergreen Forest,Natural Vegetation,Hot Summer Continental,Continental,GPP ~ SIF,SIF,GPP,46,0.004056362,0.128554797,0.004421604,2.32E-30,0.950523545,0.974947971,0.033533042,2.32E-30
Evergreen Forest,Natural Vegetation,Humid Subtropical,Temperate,GPP ~ SIF,SIF,GPP,46,0.006795513,0.156586083,0.006799686,3.54E-26,0.92338613,0.960929826,0.04172798,3.54E-26
Evergreen Forest,Natural Vegetation,Mediterranean (cold summer),Temperate,GPP ~ SIF,SIF,GPP,46,-0.007457629,0.239952521,0.018440974,1.10E-16,0.793727551,0.890913885,0.068469046,1.10E-16
Evergreen Forest,Natural Vegetation,Mediterranean (hot summer),Temperate,GPP ~ SIF,SIF,GPP,46,0.008098451,0.134674145,0.009924862,2.50E-17,0.807125711,0.898401754,0.066208055,2.50E-17
Evergreen Forest,Natural Vegetation,Mediterranean (warm summer),Temperate,GPP ~ SIF,SIF,GPP,46,-1.27E-04,0.246101668,0.009948749,1.89E-27,0.932918295,0.965876956,0.039045924,1.89E-27
Evergreen Forest,Natural Vegetation,Mediterranean Continental (cold summer),Continental,GPP ~ SIF,SIF,GPP,40,3.74E-04,0.196390169,0.008961754,3.67E-23,0.926674139,0.962639153,0.04392753,3.67E-23
Evergreen Forest,Natural Vegetation,Mediterranean Continental (warm summer),Continental,GPP ~ SIF,SIF,GPP,41,-4.82E-04,0.184555526,0.008209771,6.24E-24,0.928354879,0.963511743,0.042860872,6.24E-24
Evergreen Forest,Natural Vegetation,Monsoon-Influenced Hot Summer Continental,Continental,GPP ~ SIF,SIF,GPP,46,0.002559515,0.131221425,0.005840567,9.65E-26,0.919821702,0.959073356,0.042687633,9.65E-26
Evergreen Forest,Natural Vegetation,Subarctic,Continental,GPP ~ SIF,SIF,GPP,46,-0.002411972,0.22665015,0.009398035,5.37E-27,0.929669558,0.964193735,0.039980234,5.37E-27
Evergreen Forest,Natural Vegetation,Subpolar Oceanic,Temperate,GPP ~ SIF,SIF,GPP,44,-0.00200304,0.232455291,0.010892009,3.65E-24,0.915573351,0.956855972,0.044834789,3.65E-24
Evergreen Forest,Natural Vegetation,Temperate Oceanic,Temperate,GPP ~ SIF,SIF,GPP,46,-0.001048641,0.236634863,0.011886752,1.24E-23,0.900069579,0.948719969,0.047656541,1.24E-23
Evergreen Forest,Natural Vegetation,Tundra,Polar,GPP ~ SIF,SIF,GPP,44,-0.007056497,0.230768372,0.027863811,2.27E-10,0.62022465,0.787543427,0.095090853,2.27E-10
Evergreen Forest,Natural Vegetation,Warm Summer Continental,Continental,GPP ~ SIF,SIF,GPP,46,0.001738117,0.189620619,0.008148264,2.31E-26,0.924857355,0.961695042,0.041325384,2.31E-26
Evergreen Forest,Natural Vegetation,Cold Desert,Arid,SIF ~ NDVI,NDVI,SIF,53,-0.019667376,0.253802548,0.060317996,1.05E-04,0.25769692,0.507638572,0.120643949,1.05E-04
Evergreen Forest,Natural Vegetation,Cold Semi-Arid,Arid,SIF ~ NDVI,NDVI,SIF,53,-0.008480944,0.283462719,0.106973348,0.010696481,0.121018135,0.347876609,0.131281905,0.010696481
Evergreen Forest,Natural Vegetation,Hot Summer Continental,Continental,SIF ~ NDVI,NDVI,SIF,53,-0.105700739,0.798080366,0.084020184,7.23E-13,0.638873663,0.799295729,0.084148135,7.23E-13
Evergreen Forest,Natural Vegetation,Humid Subtropical,Temperate,SIF ~ NDVI,NDVI,SIF,53,-0.096943512,0.786842595,0.138258993,6.23E-07,0.388403843,0.623220541,0.109508363,6.23E-07
Evergreen Forest,Natural Vegetation,Mediterranean (cold summer),Temperate,SIF ~ NDVI,NDVI,SIF,53,0.048356447,0.332849816,0.073956743,3.95E-05,0.284264893,0.533164978,0.118465276,3.95E-05
Evergreen Forest,Natural Vegetation,Mediterranean (hot summer),Temperate,SIF ~ NDVI,NDVI,SIF,53,-0.126824223,0.659583809,0.100182073,2.47E-08,0.459442786,0.67782209,0.102952227,2.47E-08
Evergreen Forest,Natural Vegetation,Mediterranean (warm summer),Temperate,SIF ~ NDVI,NDVI,SIF,53,-0.01045377,0.904188531,0.117784402,4.67E-10,0.536071834,0.732169266,0.095376259,4.67E-10
Evergreen Forest,Natural Vegetation,Mediterranean Continental (cold summer),Continental,SIF ~ NDVI,NDVI,SIF,45,-0.008884685,0.584403976,0.073426784,5.42E-10,0.595658406,0.771789094,0.096970577,5.42E-10
Evergreen Forest,Natural Vegetation,Mediterranean Continental (warm summer),Continental,SIF ~ NDVI,NDVI,SIF,47,-0.01508243,0.60130201,0.081162677,2.53E-09,0.549492685,0.741277738,0.100056352,2.53E-09
Evergreen Forest,Natural Vegetation,Monsoon-Influenced Hot Summer Continental,Continental,SIF ~ NDVI,NDVI,SIF,53,-0.054259266,0.753042397,0.082142108,2.29E-12,0.622345555,0.78888881,0.086052246,2.29E-12
Evergreen Forest,Natural Vegetation,Oceanic Climate,Oceanic,SIF ~ NDVI,NDVI,SIF,53,0.065458263,-0.162507773,0.189195487,0.394392311,0.014259981,-0.119415162,0.139026025,0.394392311
Evergreen Forest,Natural Vegetation,Subarctic,Continental,SIF ~ NDVI,NDVI,SIF,53,-0.023615029,0.52223845,0.06954116,8.54E-10,0.525125154,0.724655197,0.09649493,8.54E-10
Evergreen Forest,Natural Vegetation,Subpolar Oceanic,Temperate,SIF ~ NDVI,NDVI,SIF,50,0.045030865,0.439537482,0.075224896,4.35E-07,0.415634712,0.64469738,0.110337105,4.35E-07
Evergreen Forest,Natural Vegetation,Temperate Oceanic,Temperate,SIF ~ NDVI,NDVI,SIF,53,-0.065480605,0.62533271,0.108581797,4.88E-07,0.394062936,0.627744324,0.109000545,4.88E-07
Evergreen Forest,Natural Vegetation,Tundra,Polar,SIF ~ NDVI,NDVI,SIF,53,0.049525401,0.244925692,0.065021907,4.30E-04,0.217658438,0.466538786,0.123854877,4.30E-04
Evergreen Forest,Natural Vegetation,Warm Summer Continental,Continental,SIF ~ NDVI,NDVI,SIF,53,-0.035217402,0.8910587,0.084678824,2.21E-14,0.684658471,0.827440917,0.078633118,2.21E-14
Evergreen Forest,Natural Vegetation,Cold Desert,Arid,GPP ~ NDVI,NDVI,GPP,46,-0.00306674,0.065986201,0.016830021,3.05E-04,0.258912824,0.50883477,0.129780162,3.05E-04
Evergreen Forest,Natural Vegetation,Cold Semi-Arid,Arid,GPP ~ NDVI,NDVI,GPP,46,-0.009234926,0.099242009,0.026682345,5.63E-04,0.239199898,0.489080667,0.13149491,5.63E-04
Evergreen Forest,Natural Vegetation,Hot Summer Continental,Continental,GPP ~ NDVI,NDVI,GPP,46,-0.009158765,0.102304469,0.01235951,1.62E-10,0.608941592,0.780347097,0.094274552,1.62E-10
Evergreen Forest,Natural Vegetation,Humid Subtropical,Temperate,GPP ~ NDVI,NDVI,GPP,46,-0.011605405,0.132505656,0.025906044,6.59E-06,0.372877595,0.610637041,0.119385016,6.59E-06
Evergreen Forest,Natural Vegetation,Mediterranean (cold summer),Temperate,GPP ~ NDVI,NDVI,GPP,46,-0.011751298,0.133989246,0.015694975,6.92E-11,0.623551055,0.78965249,0.092496799,6.92E-11
Evergreen Forest,Natural Vegetation,Mediterranean (hot summer),Temperate,GPP ~ NDVI,NDVI,GPP,46,-0.010505704,0.093643628,0.016016948,5.67E-07,0.437210323,0.661218816,0.113095864,5.67E-07
Evergreen Forest,Natural Vegetation,Mediterranean (warm summer),Temperate,GPP ~ NDVI,NDVI,GPP,46,-0.002217999,0.222629484,0.030988486,6.14E-09,0.539814701,0.734720832,0.102268063,6.14E-09
Evergreen Forest,Natural Vegetation,Mediterranean Continental (cold summer),Continental,GPP ~ NDVI,NDVI,GPP,46,-0.003078032,0.121161856,0.013063151,6.46E-12,0.661609336,0.813393715,0.087696619,6.46E-12
Evergreen Forest,Natural Vegetation,Mediterranean Continental (warm summer),Continental,GPP ~ NDVI,NDVI,GPP,46,-0.002188292,0.106848025,0.01531486,1.24E-08,0.525223115,0.724722785,0.103876772,1.24E-08
Evergreen Forest,Natural Vegetation,Monsoon-Influenced Hot Summer Continental,Continental,GPP ~ NDVI,NDVI,GPP,46,-0.007939272,0.111681915,0.010741632,1.98E-13,0.710716374,0.84303996,0.081084079,1.98E-13
Evergreen Forest,Natural Vegetation,Subarctic,Continental,GPP ~ NDVI,NDVI,GPP,46,-0.011901808,0.136204906,0.015279084,2.04E-11,0.643631593,0.802266535,0.089996011,2.04E-11
Evergreen Forest,Natural Vegetation,Subpolar Oceanic,Temperate,GPP ~ NDVI,NDVI,GPP,46,0.003444512,0.120444407,0.017544502,1.80E-08,0.517169668,0.719145095,0.104754077,1.80E-08
Evergreen Forest,Natural Vegetation,Temperate Oceanic,Temperate,GPP ~ NDVI,NDVI,GPP,46,-0.02325419,0.167180505,0.02957166,1.09E-06,0.420755106,0.648656385,0.114737338,1.09E-06
Evergreen Forest,Natural Vegetation,Tundra,Polar,GPP ~ NDVI,NDVI,GPP,44,-0.009204814,0.126646355,0.015816984,5.47E-10,0.604191102,0.777297306,0.097077399,5.47E-10
Evergreen Forest,Natural Vegetation,Warm Summer Continental,Continental,GPP ~ NDVI,NDVI,GPP,46,-0.007564382,0.185139201,0.016289676,1.12E-14,0.745918872,0.863665949,0.075990599,1.12E-14
Fallow/Idle Cropland,Other,Cold Semi-Arid,Arid,GPP ~ SIF,SIF,GPP,46,0.007294533,0.159825912,0.007103363,9.09E-26,0.92003657,0.959185368,0.042630396,9.09E-26
Fallow/Idle Cropland,Other,Cold Semi-Arid,Arid,SIF ~ NDVI,NDVI,SIF,53,-0.170506636,1.10233734,0.076206011,1.10E-19,0.804029183,0.896676744,0.061988427,1.10E-19
Fallow/Idle Cropland,Other,Cold Semi-Arid,Arid,GPP ~ NDVI,NDVI,GPP,46,-0.020061781,0.175660669,0.013592282,1.40E-16,0.791487373,0.889655761,0.068839838,1.40E-16
Grapes,Perennial Crops,Cold Semi-Arid,Arid,GPP ~ SIF,SIF,GPP,46,0.0119801,0.112051887,0.009486417,3.09E-15,0.760243056,0.87191918,0.073817487,3.09E-15
Grapes,Perennial Crops,Hot Semi-Arid,Arid,GPP ~ SIF,SIF,GPP,46,0.017536347,0.078481381,0.010581839,2.82E-09,0.555582997,0.745374401,0.100500679,2.82E-09
Grapes,Perennial Crops,Mediterranean (hot summer),Temperate,GPP ~ SIF,SIF,GPP,46,0.008326972,0.158345945,0.009192832,3.55E-21,0.870853537,0.933195337,0.054176996,3.55E-21
Grapes,Perennial Crops,Mediterranean (warm summer),Temperate,GPP ~ SIF,SIF,GPP,46,0.009519108,0.19230731,0.014072448,1.94E-17,0.809314476,0.899619072,0.065831314,1.94E-17
Grapes,Perennial Crops,Temperate Oceanic,Temperate,GPP ~ SIF,SIF,GPP,46,0.017382713,0.183154244,0.010326904,1.15E-21,0.877284493,0.936634664,0.052810878,1.15E-21
Grapes,Perennial Crops,Cold Semi-Arid,Arid,SIF ~ NDVI,NDVI,SIF,53,-0.173564943,1.173827455,0.076990668,1.24E-20,0.820075038,0.905579946,0.059396468,1.24E-20
Grapes,Perennial Crops,Hot Semi-Arid,Arid,SIF ~ NDVI,NDVI,SIF,53,-0.234084482,1.320151491,0.096967682,1.30E-18,0.784218679,0.885561223,0.065046186,1.30E-18
Grapes,Perennial Crops,Mediterranean (hot summer),Temperate,SIF ~ NDVI,NDVI,SIF,53,-0.096577234,0.854897498,0.117788357,2.13E-09,0.508088958,0.71280359,0.098210562,2.13E-09
Grapes,Perennial Crops,Mediterranean (warm summer),Temperate,SIF ~ NDVI,NDVI,SIF,53,-0.092785426,0.719358155,0.140656292,4.80E-06,0.339001858,0.582238661,0.11384528,4.80E-06
Grapes,Perennial Crops,Temperate Oceanic,Temperate,SIF ~ NDVI,NDVI,SIF,53,7.77E-04,1.442408935,0.125037623,7.93E-16,0.722938518,0.850257913,0.073706025,7.93E-16
Grapes,Perennial Crops,Cold Semi-Arid,Arid,GPP ~ NDVI,NDVI,GPP,46,-0.003891539,0.121192749,0.016508012,3.62E-09,0.550547543,0.74198891,0.101068435,3.62E-09
Grapes,Perennial Crops,Hot Semi-Arid,Arid,GPP ~ NDVI,NDVI,GPP,46,-3.62E-04,0.102820688,0.017313422,4.15E-07,0.444929197,0.667030132,0.11231761,4.15E-07
Grapes,Perennial Crops,Mediterranean (hot summer),Temperate,GPP ~ NDVI,NDVI,GPP,46,-0.008079378,0.141274438,0.020196556,1.16E-08,0.526523807,0.725619602,0.103734385,1.16E-08
Grapes,Perennial Crops,Mediterranean (warm summer),Temperate,GPP ~ NDVI,NDVI,GPP,46,-0.022730865,0.180461024,0.027618035,5.53E-08,0.492476068,0.701766391,0.107399417,5.53E-08
Grapes,Perennial Crops,Temperate Oceanic,Temperate,GPP ~ NDVI,NDVI,GPP,46,0.014234144,0.295951332,0.026499317,1.99E-14,0.739228499,0.859783984,0.076984577,1.99E-14
Grass/Pasture,Natural Vegetation,Cold Desert,Arid,GPP ~ SIF,SIF,GPP,46,0.002698175,0.062471294,0.005668923,3.07E-14,0.734041745,0.856762362,0.07774642,3.07E-14
Grass/Pasture,Natural Vegetation,Cold Semi-Arid,Arid,GPP ~ SIF,SIF,GPP,46,0.006989713,0.109950553,0.008524465,1.50E-16,0.790839213,0.88929141,0.068946749,1.50E-16
Grass/Pasture,Natural Vegetation,Hot Desert,Arid,GPP ~ SIF,SIF,GPP,46,0.003009331,0.051387488,0.01007637,6.93E-06,0.371500166,0.609508134,0.119516054,6.93E-06
Grass/Pasture,Natural Vegetation,Hot Semi-Arid,Arid,GPP ~ SIF,SIF,GPP,46,0.009371791,0.090648284,0.007603774,2.26E-15,0.763595684,0.873839621,0.073299559,2.26E-15
Grass/Pasture,Natural Vegetation,Hot Summer Continental,Continental,GPP ~ SIF,SIF,GPP,46,0.006944383,0.128239183,0.00425862,5.32E-31,0.953722383,0.97658711,0.032430911,5.32E-31
Grass/Pasture,Natural Vegetation,Humid Subtropical,Temperate,GPP ~ SIF,SIF,GPP,46,0.007323868,0.154827954,0.00581096,8.81E-29,0.941637555,0.970380108,0.036420039,8.81E-29
Grass/Pasture,Natural Vegetation,Mediterranean (hot summer),Temperate,GPP ~ SIF,SIF,GPP,46,0.010349767,0.084159367,0.007756341,5.08E-14,0.727943451,0.853196021,0.078632712,5.08E-14
Grass/Pasture,Natural Vegetation,Mediterranean (warm summer),Temperate,GPP ~ SIF,SIF,GPP,46,0.007126245,0.136406507,0.011644545,4.08E-15,0.757204453,0.870174955,0.074283784,4.08E-15
Grass/Pasture,Natural Vegetation,Mediterranean Continental (cold summer),Continental,GPP ~ SIF,SIF,GPP,36,0.001394413,0.19223606,0.027946726,6.37E-08,0.581878,0.762809282,0.110895022,6.37E-08
Grass/Pasture,Natural Vegetation,Mediterranean Continental (warm summer),Continental,GPP ~ SIF,SIF,GPP,46,0.003681729,0.096917405,0.005083672,6.85E-23,0.89201215,0.944463948,0.049540583,6.85E-23
Grass/Pasture,Natural Vegetation,Monsoon-Influenced Hot Summer Continental,Continental,GPP ~ SIF,SIF,GPP,46,0.007492545,0.135693997,0.004174874,2.13E-32,0.960015084,0.979803594,0.030145449,2.13E-32
Grass/Pasture,Natural Vegetation,Monsoon-Influenced Humid Subtropical,Temperate,GPP ~ SIF,SIF,GPP,46,0.007456352,0.151636756,0.005774371,1.61E-28,0.94002211,0.969547374,0.036920643,1.61E-28
Grass/Pasture,Natural Vegetation,Monsoon-Influenced Warm Summer Continental,Continental,GPP ~ SIF,SIF,GPP,41,0.008170729,0.116079142,0.005492172,5.79E-23,0.919704224,0.959012109,0.045374729,5.79E-23
Grass/Pasture,Natural Vegetation,Oceanic Climate,Oceanic,GPP ~ SIF,SIF,GPP,46,0.033454795,0.009469699,0.03877718,0.808204894,0.001353565,0.036790823,0.150653609,0.808204894
Grass/Pasture,Natural Vegetation,Subarctic,Continental,GPP ~ SIF,SIF,GPP,38,0.003940269,0.12721544,0.015245738,6.18E-10,0.659180679,0.811899426,0.097299555,6.18E-10
Grass/Pasture,Natural Vegetation,Temperate Oceanic,Temperate,GPP ~ SIF,SIF,GPP,46,0.00657143,0.124362732,0.008641207,2.99E-18,0.824788191,0.908178502,0.063103776,2.99E-18
Grass/Pasture,Natural Vegetation,Tropical Monsoon,Tropical,GPP ~ SIF,SIF,GPP,46,0.016076868,0.084769071,0.005441207,1.60E-19,0.846533818,0.920072724,0.059058173,1.60E-19
Grass/Pasture,Natural Vegetation,Tropical Savanna (dry winter),Tropical,GPP ~ SIF,SIF,GPP,46,0.022525408,0.085510286,0.005565671,2.69E-19,0.842884481,0.918087404,0.059756232,2.69E-19
Grass/Pasture,Natural Vegetation,Tundra,Polar,GPP ~ SIF,SIF,GPP,31,0.00185452,0.108028612,0.017067501,6.48E-07,0.580090316,0.761636603,0.120331394,6.48E-07
Grass/Pasture,Natural Vegetation,Warm Summer Continental,Continental,GPP ~ SIF,SIF,GPP,46,0.005277342,0.120463265,0.00527901,5.13E-26,0.922085293,0.960252723,0.042080742,5.13E-26
Grass/Pasture,Natural Vegetation,Cold Desert,Arid,SIF ~ NDVI,NDVI,SIF,53,-0.043034933,0.648955739,0.233194903,0.007536456,0.131833267,0.363088511,0.130471748,0.007536456
Grass/Pasture,Natural Vegetation,Cold Semi-Arid,Arid,SIF ~ NDVI,NDVI,SIF,53,-0.071742312,0.66050416,0.098582041,1.62E-08,0.468143957,0.684210462,0.102120272,1.62E-08
Grass/Pasture,Natural Vegetation,Hot Desert,Arid,SIF ~ NDVI,NDVI,SIF,53,-0.003470285,0.376422154,0.267238561,0.1650322,0.037446133,0.193510032,0.137381241,0.1650322
Grass/Pasture,Natural Vegetation,Hot Semi-Arid,Arid,SIF ~ NDVI,NDVI,SIF,53,-0.174753017,1.175005496,0.105244586,2.64E-15,0.709644172,0.842403806,0.075453638,2.64E-15
Grass/Pasture,Natural Vegetation,Hot Summer Continental,Continental,SIF ~ NDVI,NDVI,SIF,53,-0.097369489,0.904011501,0.082065196,4.30E-15,0.704085769,0.839098188,0.076172435,4.30E-15
Grass/Pasture,Natural Vegetation,Humid Subtropical,Temperate,SIF ~ NDVI,NDVI,SIF,53,-0.069109416,0.71429367,0.080685042,6.93E-12,0.605791595,0.778326149,0.087918011,6.93E-12
Grass/Pasture,Natural Vegetation,Mediterranean (hot summer),Temperate,SIF ~ NDVI,NDVI,SIF,53,-0.176222994,1.116232852,0.089885052,4.86E-17,0.751483611,0.866881544,0.069805948,4.86E-17
Grass/Pasture,Natural Vegetation,Mediterranean (warm summer),Temperate,SIF ~ NDVI,NDVI,SIF,53,-0.040142191,0.525941594,0.073203249,2.78E-09,0.50301874,0.709238141,0.098715402,2.78E-09
Grass/Pasture,Natural Vegetation,Mediterranean Continental (cold summer),Continental,SIF ~ NDVI,NDVI,SIF,53,0.022994671,0.340717233,0.054021162,6.75E-08,0.438199743,0.661966572,0.104955664,6.75E-08
Grass/Pasture,Natural Vegetation,Mediterranean Continental (warm summer),Continental,SIF ~ NDVI,NDVI,SIF,53,-0.031888905,0.589927479,0.058096274,7.63E-14,0.669067498,0.817965463,0.080553539,7.63E-14
Grass/Pasture,Natural Vegetation,Monsoon-Influenced Hot Summer Continental,Continental,SIF ~ NDVI,NDVI,SIF,53,-0.097309715,0.839790254,0.066267798,2.22E-17,0.758975432,0.871191961,0.068745705,2.22E-17
Grass/Pasture,Natural Vegetation,Monsoon-Influenced Humid Subtropical,Temperate,SIF ~ NDVI,NDVI,SIF,53,-0.091418663,0.755401322,0.06293582,1.79E-16,0.738549223,0.859388866,0.071599482,1.79E-16
Grass/Pasture,Natural Vegetation,Monsoon-Influenced Warm Summer Continental,Continental,SIF ~ NDVI,NDVI,SIF,48,-0.120641196,1.174011748,0.07461893,3.90E-20,0.843292672,0.918309682,0.05836678,3.90E-20
Grass/Pasture,Natural Vegetation,Oceanic Climate,Oceanic,SIF ~ NDVI,NDVI,SIF,53,0.020413927,0.05304061,0.076004252,0.488432079,0.009458963,0.097257202,0.139364175,0.488432079
Grass/Pasture,Natural Vegetation,Subarctic,Continental,SIF ~ NDVI,NDVI,SIF,53,0.007716103,0.345565964,0.061607696,8.34E-07,0.381536387,0.617686317,0.110121467,8.34E-07
Grass/Pasture,Natural Vegetation,Temperate Oceanic,Temperate,SIF ~ NDVI,NDVI,SIF,53,-0.063308178,0.663814533,0.070002313,7.64E-13,0.638099146,0.798811083,0.084238324,7.64E-13
Grass/Pasture,Natural Vegetation,Tropical Monsoon,Tropical,SIF ~ NDVI,NDVI,SIF,53,0.367212664,0.183433645,0.317994933,0.566582059,0.006482209,0.08051217,0.139573425,0.566582059
Grass/Pasture,Natural Vegetation,Tropical Savanna (dry winter),Tropical,SIF ~ NDVI,NDVI,SIF,53,0.298743395,0.358244451,0.369742669,0.337166696,0.018074576,0.134441722,0.138756764,0.337166696
Grass/Pasture,Natural Vegetation,Tundra,Polar,SIF ~ NDVI,NDVI,SIF,53,0.068305478,0.188471293,0.130167703,0.153761831,0.039483757,0.198705201,0.137235753,0.153761831
Grass/Pasture,Natural Vegetation,Warm Summer Continental,Continental,SIF ~ NDVI,NDVI,SIF,53,-0.071784938,0.935319916,0.064951241,1.33E-19,0.802608492,0.895884196,0.062212713,1.33E-19
Grass/Pasture,Natural Vegetation,Cold Desert,Arid,GPP ~ NDVI,NDVI,GPP,46,-0.004829529,0.076882356,0.016947982,4.38E-05,0.318660528,0.564500246,0.124438692,4.38E-05
Grass/Pasture,Natural Vegetation,Cold Semi-Arid,Arid,GPP ~ NDVI,NDVI,GPP,46,-0.003125383,0.087996267,0.01215184,5.07E-09,0.543747355,0.737392267,0.101830144,5.07E-09
Grass/Pasture,Natural Vegetation,Hot Desert,Arid,GPP ~ NDVI,NDVI,GPP,46,-0.006087353,0.083178724,0.022934192,7.42E-04,0.230150034,0.479739548,0.132274677,7.42E-04
Grass/Pasture,Natural Vegetation,Hot Semi-Arid,Arid,GPP ~ NDVI,NDVI,GPP,46,-0.006592154,0.106750961,0.013967035,1.32E-09,0.570381497,0.755236054,0.098813242,1.32E-09
Grass/Pasture,Natural Vegetation,Hot Summer Continental,Continental,GPP ~ NDVI,NDVI,GPP,46,-0.007961379,0.126374057,0.011911143,1.04E-13,0.718969178,0.847920502,0.07991911,1.04E-13
Grass/Pasture,Natural Vegetation,Humid Subtropical,Temperate,GPP ~ NDVI,NDVI,GPP,46,-0.007213129,0.124901902,0.012981577,2.17E-12,0.677827394,0.823302735,0.085569298,2.17E-12
Grass/Pasture,Natural Vegetation,Mediterranean (hot summer),Temperate,GPP ~ NDVI,NDVI,GPP,46,-0.00927085,0.113300246,0.01069875,1.11E-13,0.718217962,0.847477411,0.080025854,1.11E-13
Grass/Pasture,Natural Vegetation,Mediterranean (warm summer),Temperate,GPP ~ NDVI,NDVI,GPP,46,-0.003414341,0.098769574,0.009816985,5.54E-13,0.697023002,0.834879035,0.082980967,5.54E-13
Grass/Pasture,Natural Vegetation,Mediterranean Continental (cold summer),Continental,GPP ~ NDVI,NDVI,GPP,36,5.03E-04,0.105541789,0.010305073,6.31E-12,0.755207357,0.869026672,0.084851539,6.31E-12
Grass/Pasture,Natural Vegetation,Mediterranean Continental (warm summer),Continental,GPP ~ NDVI,NDVI,GPP,46,-1.01E-05,0.062566557,0.005683982,3.19E-14,0.733600579,0.856504862,0.077810875,3.19E-14
Grass/Pasture,Natural Vegetation,Monsoon-Influenced Hot Summer Continental,Continental,GPP ~ NDVI,NDVI,GPP,46,-0.006112631,0.115871489,0.01021646,1.20E-14,0.745124004,0.863205656,0.07610937,1.20E-14
Grass/Pasture,Natural Vegetation,Monsoon-Influenced Humid Subtropical,Temperate,GPP ~ NDVI,NDVI,GPP,46,-0.007671062,0.119931314,0.01153232,1.97E-13,0.710814204,0.84309798,0.081070367,1.97E-13
Grass/Pasture,Natural Vegetation,Monsoon-Influenced Warm Summer Continental,Continental,GPP ~ NDVI,NDVI,GPP,44,-0.006503298,0.141735563,0.00912614,5.19E-19,0.851696692,0.922874147,0.05942248,5.19E-19
Grass/Pasture,Natural Vegetation,Oceanic Climate,Oceanic,GPP ~ NDVI,NDVI,GPP,46,0.031701847,0.137917306,0.019715434,1.16E-08,0.526553834,0.725640292,0.103731095,1.16E-08
Grass/Pasture,Natural Vegetation,Subarctic,Continental,GPP ~ NDVI,NDVI,GPP,38,-0.001762368,0.083368304,0.010733007,3.32E-09,0.626298552,0.791390265,0.101885209,3.32E-09
Grass/Pasture,Natural Vegetation,Temperate Oceanic,Temperate,GPP ~ NDVI,NDVI,GPP,46,-0.003755167,0.099345923,0.008947271,2.40E-14,0.736979674,0.858475203,0.077315811,2.40E-14
Grass/Pasture,Natural Vegetation,Tropical Monsoon,Tropical,GPP ~ NDVI,NDVI,GPP,46,0.043099065,0.027154753,0.03651987,0.461094298,0.012409591,0.111398343,0.149817344,0.461094298
Grass/Pasture,Natural Vegetation,Tropical Savanna (dry winter),Tropical,GPP ~ NDVI,NDVI,GPP,46,0.043536135,0.041423842,0.044982761,0.362133417,0.018908854,0.137509469,0.149323562,0.362133417
Grass/Pasture,Natural Vegetation,Tundra,Polar,GPP ~ NDVI,NDVI,GPP,31,0.00753795,0.053970701,0.018740505,0.00740347,0.222390841,0.471583335,0.163750142,0.00740347
Grass/Pasture,Natural Vegetation,Warm Summer Continental,Continental,GPP ~ NDVI,NDVI,GPP,46,-0.005111259,0.122611011,0.008455275,2.27E-18,0.826964231,0.909375737,0.062710694,2.27E-18
Herbaceous Wetlands,Natural Vegetation,Cold Semi-Arid,Arid,GPP ~ SIF,SIF,GPP,46,0.006616093,0.122764915,0.006409723,5.71E-23,0.892900885,0.944934328,0.049336303,5.71E-23
Herbaceous Wetlands,Natural Vegetation,Hot Summer Continental,Continental,GPP ~ SIF,SIF,GPP,44,0.010625999,0.136220314,0.004974418,2.07E-28,0.946962528,0.973119997,0.035535855,2.07E-28
Herbaceous Wetlands,Natural Vegetation,Mediterranean (hot summer),Temperate,GPP ~ SIF,SIF,GPP,14,0.001468517,0.071020708,0.010178556,1.48E-05,0.80225848,0.89568883,0.128368454,1.48E-05
Herbaceous Wetlands,Natural Vegetation,Mediterranean (warm summer),Temperate,GPP ~ SIF,SIF,GPP,13,-0.002928347,0.152382218,0.031530151,5.25E-04,0.67983206,0.82451929,0.170605323,5.25E-04
Herbaceous Wetlands,Natural Vegetation,Tropical Savanna (dry winter),Tropical,GPP ~ SIF,SIF,GPP,46,0.023085425,0.135283305,0.018592088,4.51E-09,0.546138477,0.739011825,0.101562959,4.51E-09
Herbaceous Wetlands,Natural Vegetation,Warm Summer Continental,Continental,GPP ~ SIF,SIF,GPP,9,0.026616732,0.284228221,0.057427233,0.001657447,0.777750921,0.881901877,0.178184927,0.001657447
Herbaceous Wetlands,Natural Vegetation,Cold Semi-Arid,Arid,SIF ~ NDVI,NDVI,SIF,53,-0.104061932,0.933785807,0.089152018,2.60E-14,0.682651204,0.82622709,0.078882986,2.60E-14
Herbaceous Wetlands,Natural Vegetation,Hot Summer Continental,Continental,SIF ~ NDVI,NDVI,SIF,53,-0.100318927,1.565412824,0.084987307,3.45E-24,0.869322332,0.932374566,0.050619238,3.45E-24
Herbaceous Wetlands,Natural Vegetation,Humid Subtropical,Temperate,SIF ~ NDVI,NDVI,SIF,53,0.194806957,0.725499172,0.141640343,4.67E-06,0.339687334,0.582827019,0.113786235,4.67E-06
Herbaceous Wetlands,Natural Vegetation,Mediterranean (hot summer),Temperate,SIF ~ NDVI,NDVI,SIF,53,-0.060834822,0.814256763,0.087396774,1.36E-12,0.629904965,0.793665524,0.08518665,1.36E-12
Herbaceous Wetlands,Natural Vegetation,Mediterranean (warm summer),Temperate,SIF ~ NDVI,NDVI,SIF,53,0.058256063,0.590567332,0.056710973,3.18E-14,0.680138035,0.824704817,0.079194717,3.18E-14
Herbaceous Wetlands,Natural Vegetation,Monsoon-Influenced Warm Summer Continental,Continental,SIF ~ NDVI,NDVI,SIF,47,-0.048249466,0.638301391,0.076220031,9.89E-11,0.609142708,0.78047595,0.093197197,9.89E-11
Herbaceous Wetlands,Natural Vegetation,Oceanic Climate,Oceanic,SIF ~ NDVI,NDVI,SIF,53,0.257402474,0.463846992,0.118859996,2.80E-04,0.22994731,0.479528216,0.122878283,2.80E-04
Herbaceous Wetlands,Natural Vegetation,Tropical Monsoon,Tropical,SIF ~ NDVI,NDVI,SIF,53,0.368664003,-0.522935592,0.13631963,3.46E-04,0.223929218,-0.4732116,0.123357505,3.46E-04
Herbaceous Wetlands,Natural Vegetation,Tropical Rainforest,Tropical,SIF ~ NDVI,NDVI,SIF,53,0.294444141,-0.055068739,0.188341853,0.771176854,0.001673474,-0.040908119,0.139910793,0.771176854
Herbaceous Wetlands,Natural Vegetation,Tropical Savanna (dry winter),Tropical,SIF ~ NDVI,NDVI,SIF,53,0.353227398,-0.609267136,0.250858355,0.018715972,0.103670646,-0.321979264,0.132571058,0.018715972
Herbaceous Wetlands,Natural Vegetation,Warm Summer Continental,Continental,SIF ~ NDVI,NDVI,SIF,49,-0.095179374,1.136857165,0.08516474,1.32E-17,0.791290714,0.889545229,0.066638001,1.32E-17
Herbaceous Wetlands,Natural Vegetation,Cold Semi-Arid,Arid,GPP ~ NDVI,NDVI,GPP,46,-0.011241731,0.130421633,0.011856308,3.26E-14,0.733340075,0.856352775,0.07784891,3.26E-14
Herbaceous Wetlands,Natural Vegetation,Hot Summer Continental,Continental,GPP ~ NDVI,NDVI,GPP,44,-0.004373032,0.216281766,0.013939915,5.38E-19,0.851445284,0.922737928,0.059472826,5.38E-19
Herbaceous Wetlands,Natural Vegetation,Mediterranean (hot summer),Temperate,GPP ~ NDVI,NDVI,GPP,14,-0.003562035,0.077698154,0.024005726,0.007130793,0.46609501,0.682711513,0.210931464,0.007130793
Herbaceous Wetlands,Natural Vegetation,Mediterranean (warm summer),Temperate,GPP ~ NDVI,NDVI,GPP,13,0.00658497,0.14821047,0.024374582,7.95E-05,0.770703831,0.877897392,0.144378344,7.95E-05
Herbaceous Wetlands,Natural Vegetation,Tropical Savanna (dry winter),Tropical,GPP ~ NDVI,NDVI,GPP,46,0.068224893,-0.067564394,0.057144741,0.24342176,0.030792663,-0.175478383,0.148416439,0.24342176
Herbaceous Wetlands,Natural Vegetation,Warm Summer Continental,Continental,GPP ~ NDVI,NDVI,GPP,9,0.003045629,0.24044705,0.093654672,0.037149596,0.484969781,0.696397718,0.271248494,0.037149596
Hops,Other,Cold Semi-Arid,Arid,GPP ~ SIF,SIF,GPP,46,0.007713989,0.132267077,0.00440973,6.28E-31,0.953373146,0.976408288,0.032553053,6.28E-31
Hops,Other,Cold Semi-Arid,Arid,SIF ~ NDVI,NDVI,SIF,53,-0.122091684,1.171986265,0.052208783,4.28E-28,0.908094151,0.952939742,0.042450859,4.28E-28
Hops,Other,Cold Semi-Arid,Arid,GPP ~ NDVI,NDVI,GPP,46,-0.009066118,0.157198376,0.009125977,3.55E-21,0.870859266,0.933198406,0.054175794,3.55E-21
Mixed Forest,Natural Vegetation,Humid Subtropical,Temperate,GPP ~ SIF,SIF,GPP,46,0.014636425,0.10366877,0.004944446,1.57E-24,0.909016265,0.953423445,0.045473203,1.57E-24
Mixed Forest,Natural Vegetation,Temperate Oceanic,Temperate,GPP ~ SIF,SIF,GPP,46,0.014924723,0.098933381,0.00519687,7.25E-23,0.891735353,0.9443174,0.049604034,7.25E-23
Mixed Forest,Natural Vegetation,Warm Summer Continental,Continental,GPP ~ SIF,SIF,GPP,46,0.006807043,0.139658016,0.006822355,4.08E-24,0.904977323,0.951302961,0.046471564,4.08E-24
Mixed Forest,Natural Vegetation,Humid Subtropical,Temperate,SIF ~ NDVI,NDVI,SIF,53,-0.115120936,1.186280416,0.221750876,2.10E-06,0.359443853,0.599536365,0.112071069,2.10E-06
Mixed Forest,Natural Vegetation,Temperate Oceanic,Temperate,SIF ~ NDVI,NDVI,SIF,53,-0.158514144,1.481749736,0.353561145,1.10E-04,0.256168201,0.506130616,0.120768114,1.10E-04
Mixed Forest,Natural Vegetation,Warm Summer Continental,Continental,SIF ~ NDVI,NDVI,SIF,53,-0.136854581,1.495236264,0.113609173,5.02E-18,0.772542724,0.878944096,0.066782832,5.02E-18
Mixed Forest,Natural Vegetation,Humid Subtropical,Temperate,GPP ~ NDVI,NDVI,GPP,46,-0.003234724,0.141079113,0.025055722,1.17E-06,0.418787584,0.647137995,0.114932037,1.17E-06
Mixed Forest,Natural Vegetation,Temperate Oceanic,Temperate,GPP ~ NDVI,NDVI,GPP,46,-0.002326143,0.151091675,0.041393813,6.92E-04,0.232423158,0.48210285,0.13207925,6.92E-04
Mixed Forest,Natural Vegetation,Warm Summer Continental,Continental,GPP ~ NDVI,NDVI,GPP,46,-0.016098222,0.220408374,0.015045508,1.56E-18,0.829857202,0.910964984,0.062184257,1.56E-18
Oats,Cropland,Humid Subtropical,Temperate,GPP ~ SIF,SIF,GPP,46,0.009047029,0.102941509,0.008362226,7.57E-16,0.774986113,0.880332956,0.071511901,7.57E-16
Oats,Cropland,Humid Subtropical,Temperate,SIF ~ NDVI,NDVI,SIF,53,0.247353702,0.327806717,0.199353761,0.10625564,0.050347881,0.224383335,0.136457428,0.10625564
Oats,Cropland,Humid Subtropical,Temperate,GPP ~ NDVI,NDVI,GPP,46,0.016659376,0.087530421,0.027561944,0.002729865,0.186473583,0.431825871,0.135975133,0.002729865
Oranges,Perennial Crops,Humid Subtropical,Temperate,GPP ~ SIF,SIF,GPP,46,0.026364446,0.095702832,0.007038769,2.33E-17,0.807747444,0.898747708,0.066101258,2.33E-17
Oranges,Perennial Crops,Tropical Savanna (dry winter),Tropical,GPP ~ SIF,SIF,GPP,46,0.026018736,0.10530287,0.007112503,1.06E-18,0.832825118,0.912592526,0.06163951,1.06E-18
Oranges,Perennial Crops,Humid Subtropical,Temperate,SIF ~ NDVI,NDVI,SIF,53,0.456960425,-0.111346154,0.35946397,0.7580086,0.001877817,-0.043333785,0.139896473,0.7580086
Oranges,Perennial Crops,Tropical Savanna (dry winter),Tropical,SIF ~ NDVI,NDVI,SIF,53,0.63359002,-0.518531881,0.359440767,0.155244931,0.039206332,-0.19800589,0.13725557,0.155244931
Oranges,Perennial Crops,Humid Subtropical,Temperate,GPP ~ NDVI,NDVI,GPP,46,0.078779964,-0.034290207,0.048677668,0.484874477,0.011152122,-0.105603608,0.149912693,0.484874477
Oranges,Perennial Crops,Tropical Savanna (dry winter),Tropical,GPP ~ NDVI,NDVI,GPP,46,0.093612545,-0.05665223,0.048914755,0.253037407,0.029584175,-0.172000508,0.14850894,0.253037407
Other Hay/Non Alfalfa,Other,Cold Semi-Arid,Arid,GPP ~ SIF,SIF,GPP,46,0.010227202,0.082813815,0.005006629,1.67E-20,0.861460588,0.928149012,0.056112592,1.67E-20
Other Hay/Non Alfalfa,Other,Warm Summer Continental,Continental,GPP ~ SIF,SIF,GPP,46,0.005201568,0.109142663,0.003662036,8.20E-31,0.952803266,0.97611642,0.032751382,8.20E-31
Other Hay/Non Alfalfa,Other,Cold Semi-Arid,Arid,SIF ~ NDVI,NDVI,SIF,53,-0.080322217,1.080740837,0.095340995,1.51E-15,0.715868367,0.846090047,0.074640528,1.51E-15
Other Hay/Non Alfalfa,Other,Warm Summer Continental,Continental,SIF ~ NDVI,NDVI,SIF,53,-0.081692392,1.437651151,0.090368685,2.05E-21,0.832285247,0.912296688,0.057345659,2.05E-21
Other Hay/Non Alfalfa,Other,Cold Semi-Arid,Arid,GPP ~ NDVI,NDVI,GPP,46,0.003649941,0.090322909,0.011208404,3.32E-10,0.596105749,0.772078849,0.095809263,3.32E-10
Other Hay/Non Alfalfa,Other,Warm Summer Continental,Continental,GPP ~ NDVI,NDVI,GPP,46,-0.005922539,0.162331591,0.009408693,3.33E-21,0.871223968,0.93339379,0.054099242,3.33E-21
Pecans,Perennial Crops,Hot Desert,Arid,GPP ~ SIF,SIF,GPP,46,0.007155892,0.123952439,0.007484909,1.60E-20,0.8617413,0.928300221,0.056055715,1.60E-20
Pecans,Perennial Crops,Humid Subtropical,Temperate,GPP ~ SIF,SIF,GPP,46,0.017696988,0.11596626,0.005515736,1.40E-24,0.909471482,0.953662143,0.045359302,1.40E-24
Pecans,Perennial Crops,Hot Desert,Arid,SIF ~ NDVI,NDVI,SIF,53,-0.086948231,0.76305106,0.070670084,8.84E-15,0.69567356,0.834070477,0.077247557,8.84E-15
Pecans,Perennial Crops,Humid Subtropical,Temperate,SIF ~ NDVI,NDVI,SIF,53,-0.020235296,1.030626726,0.239695422,7.72E-05,0.266057354,0.515807478,0.119962629,7.72E-05
Pecans,Perennial Crops,Hot Desert,Arid,GPP ~ NDVI,NDVI,GPP,46,-0.00830483,0.109709082,0.010017325,3.76E-14,0.731617073,0.855346172,0.078100013,3.76E-14
Pecans,Perennial Crops,Humid Subtropical,Temperate,GPP ~ NDVI,NDVI,GPP,46,0.016515981,0.117187791,0.031347006,5.31E-04,0.241060934,0.490979566,0.131333983,5.31E-04
Pistachios,Perennial Crops,Cold Semi-Arid,Arid,GPP ~ SIF,SIF,GPP,46,0.007843015,0.120938186,0.016786671,5.74E-09,0.541206104,0.735667115,0.102113339,5.74E-09
Pistachios,Perennial Crops,Hot Semi-Arid,Arid,GPP ~ SIF,SIF,GPP,46,0.006582541,0.078335031,0.01045044,2.16E-09,0.560825258,0.748882673,0.099906177,2.16E-09
Pistachios,Perennial Crops,Cold Semi-Arid,Arid,SIF ~ NDVI,NDVI,SIF,53,-0.151582591,1.101450315,0.089579358,7.12E-17,0.74775804,0.864730039,0.070327241,7.12E-17
Pistachios,Perennial Crops,Hot Semi-Arid,Arid,SIF ~ NDVI,NDVI,SIF,53,0.01102135,0.626418815,0.160925065,2.89E-04,0.229053229,0.478595057,0.122949597,2.89E-04
Pistachios,Perennial Crops,Cold Semi-Arid,Arid,GPP ~ NDVI,NDVI,GPP,46,-0.011288707,0.137067213,0.022370544,2.19E-07,0.460398873,0.678526988,0.110741419,2.19E-07
Pistachios,Perennial Crops,Hot Semi-Arid,Arid,GPP ~ NDVI,NDVI,GPP,46,0.001958607,0.073203464,0.015583971,2.60E-05,0.333990839,0.577919405,0.123030776,2.60E-05
Rice,Cropland,Humid Subtropical,Temperate,GPP ~ SIF,SIF,GPP,46,0.014176317,0.129522836,0.004609514,9.65E-30,0.947214035,0.973249215,0.034636412,9.65E-30
Rice,Cropland,Mediterranean (hot summer),Temperate,GPP ~ SIF,SIF,GPP,46,0.012912151,0.097644647,0.005216697,1.41E-22,0.888424788,0.942562883,0.05035673,1.41E-22
Rice,Cropland,Humid Subtropical,Temperate,SIF ~ NDVI,NDVI,SIF,53,-0.137113943,1.570899724,0.106941406,5.84E-20,0.808829095,0.899349262,0.061224579,5.84E-20
Rice,Cropland,Mediterranean (hot summer),Temperate,SIF ~ NDVI,NDVI,SIF,53,-0.107312023,1.166353972,0.040715936,4.20E-33,0.941486971,0.970302515,0.033872028,4.20E-33
Rice,Cropland,Humid Subtropical,Temperate,GPP ~ NDVI,NDVI,GPP,46,-0.005145809,0.208641611,0.015478185,3.17E-17,0.805053427,0.897247696,0.066562782,3.17E-17
Rice,Cropland,Mediterranean (hot summer),Temperate,GPP ~ NDVI,NDVI,GPP,46,0.002168089,0.115917521,0.006489675,8.74E-22,0.878802992,0.937444928,0.052483116,8.74E-22
Shrubland,Natural Vegetation,Cold Desert,Arid,GPP ~ SIF,SIF,GPP,46,8.47E-04,0.095465732,0.008081588,3.08E-15,0.76027144,0.871935456,0.073813118,3.08E-15
Shrubland,Natural Vegetation,Cold Semi-Arid,Arid,GPP ~ SIF,SIF,GPP,46,0.001445441,0.104566244,0.009254612,1.35E-14,0.743684508,0.862371444,0.076323994,1.35E-14
Shrubland,Natural Vegetation,Hot Desert,Arid,GPP ~ SIF,SIF,GPP,46,0.001702225,0.050023076,0.019858036,0.015475818,0.126039663,0.355020652,0.140935215,0.015475818
Shrubland,Natural Vegetation,Hot Semi-Arid,Arid,GPP ~ SIF,SIF,GPP,46,0.005695442,-0.004983531,0.024590275,0.840332938,9.33E-04,-0.030538298,0.150685359,0.840332938
Shrubland,Natural Vegetation,Hot Summer Continental,Continental,GPP ~ SIF,SIF,GPP,46,0.002531281,0.086892512,0.006089903,4.10E-18,0.822282657,0.906798025,0.063553367,4.10E-18
Shrubland,Natural Vegetation,Humid Subtropical,Temperate,GPP ~ SIF,SIF,GPP,46,0.00414288,0.085372716,0.007298531,4.28E-15,0.756671593,0.869868722,0.074365254,4.28E-15
Shrubland,Natural Vegetation,Mediterranean (cold summer),Temperate,GPP ~ SIF,SIF,GPP,46,0.004354097,0.028329616,0.020965587,0.183524675,0.039843427,0.199608185,0.147721834,0.183524675
Shrubland,Natural Vegetation,Mediterranean (hot summer),Temperate,GPP ~ SIF,SIF,GPP,46,0.003316291,0.106259663,0.009183278,6.15E-15,0.752653242,0.867555901,0.074976778,6.15E-15
Shrubland,Natural Vegetation,Mediterranean (warm summer),Temperate,GPP ~ SIF,SIF,GPP,46,0.00319173,0.078290253,0.009176154,7.04E-11,0.62326748,0.789472913,0.092531631,7.04E-11
Shrubland,Natural Vegetation,Mediterranean Continental (cold summer),Continental,GPP ~ SIF,SIF,GPP,42,-3.31E-04,0.131085088,0.010432116,1.81E-15,0.797870164,0.893235783,0.071086186,1.81E-15
Shrubland,Natural Vegetation,Mediterranean Continental (hot summer),Continental,GPP ~ SIF,SIF,GPP,45,0.00325752,0.124730408,0.012566877,1.08E-12,0.696139232,0.834349586,0.084062652,1.08E-12
Shrubland,Natural Vegetation,Mediterranean Continental (warm summer),Continental,GPP ~ SIF,SIF,GPP,46,0.002703501,0.104325698,0.009477708,3.19E-14,0.733599194,0.856504054,0.077811077,3.19E-14
Shrubland,Natural Vegetation,Monsoon-Influenced Warm Summer Continental,Continental,GPP ~ SIF,SIF,GPP,44,0.004062822,0.077233316,0.003910164,7.06E-23,0.90280906,0.950162649,0.048104781,7.06E-23
Shrubland,Natural Vegetation,Oceanic Climate,Oceanic,GPP ~ SIF,SIF,GPP,46,0.01629193,0.172050791,0.022503505,1.31E-09,0.57053828,0.755339844,0.098795211,1.31E-09
Shrubland,Natural Vegetation,Subarctic,Continental,GPP ~ SIF,SIF,GPP,36,1.29E-04,0.071719571,0.007874163,1.21E-10,0.709301296,0.842200271,0.092466004,1.21E-10
Shrubland,Natural Vegetation,Temperate Oceanic,Temperate,GPP ~ SIF,SIF,GPP,46,0.002917465,0.090801927,0.006064668,7.01E-19,0.835924534,0.914289087,0.061065439,7.01E-19
Shrubland,Natural Vegetation,Tundra,Polar,GPP ~ SIF,SIF,GPP,45,0.004062554,0.012127832,0.013335443,0.36818564,0.018871605,0.137373961,0.15105277,0.36818564
Shrubland,Natural Vegetation,Warm Summer Continental,Continental,GPP ~ SIF,SIF,GPP,43,0.00225362,0.087085222,0.00827034,3.16E-13,0.730045057,0.854426742,0.081143496,3.16E-13
Shrubland,Natural Vegetation,Cold Desert,Arid,SIF ~ NDVI,NDVI,SIF,53,-0.029492869,0.512486516,0.066814554,4.78E-10,0.535659684,0.731887753,0.095418615,4.78E-10
Shrubland,Natural Vegetation,Cold Semi-Arid,Arid,SIF ~ NDVI,NDVI,SIF,53,-0.026831491,0.391038674,0.041013267,6.39E-13,0.640606181,0.800378773,0.08394604,6.39E-13
Shrubland,Natural Vegetation,Hot Desert,Arid,SIF ~ NDVI,NDVI,SIF,53,0.027057021,-0.014155915,0.121982547,0.908069711,2.64E-04,-0.016247922,0.140009524,0.908069711
Shrubland,Natural Vegetation,Hot Semi-Arid,Arid,SIF ~ NDVI,NDVI,SIF,53,0.051720105,-0.033666209,0.093644394,0.720697056,0.002527874,-0.05027797,0.13985091,0.720697056
Shrubland,Natural Vegetation,Hot Summer Continental,Continental,SIF ~ NDVI,NDVI,SIF,53,-0.031513747,0.522706503,0.060373026,1.38E-11,0.59510975,0.771433568,0.089101204,1.38E-11
Shrubland,Natural Vegetation,Humid Subtropical,Temperate,SIF ~ NDVI,NDVI,SIF,53,-0.021887059,0.510080056,0.114180661,4.42E-05,0.281253133,0.53033304,0.118714261,4.42E-05
Shrubland,Natural Vegetation,Mediterranean (cold summer),Temperate,SIF ~ NDVI,NDVI,SIF,53,0.096063333,-0.106296617,0.064993405,0.108102385,0.049834421,-0.223236245,0.136494314,0.108102385
Shrubland,Natural Vegetation,Mediterranean (hot summer),Temperate,SIF ~ NDVI,NDVI,SIF,53,-0.049196347,0.474069638,0.07930304,2.22E-07,0.412008116,0.641878583,0.107374357,2.22E-07
Shrubland,Natural Vegetation,Mediterranean (warm summer),Temperate,SIF ~ NDVI,NDVI,SIF,53,-0.001078617,0.277917177,0.049881789,9.54E-07,0.378365577,0.61511428,0.110403398,9.54E-07
Shrubland,Natural Vegetation,Mediterranean Continental (cold summer),Continental,SIF ~ NDVI,NDVI,SIF,53,0.028557702,0.402931716,0.059136915,1.07E-08,0.476516762,0.690301935,0.101313263,1.07E-08
Shrubland,Natural Vegetation,Mediterranean Continental (hot summer),Continental,SIF ~ NDVI,NDVI,SIF,53,-0.017262448,0.340280503,0.046825551,2.06E-09,0.508713344,0.713241435,0.098148213,2.06E-09
Shrubland,Natural Vegetation,Mediterranean Continental (warm summer),Continental,SIF ~ NDVI,NDVI,SIF,53,-0.013144364,0.287329307,0.05448726,2.75E-06,0.352857659,0.594018232,0.112645752,2.75E-06
Shrubland,Natural Vegetation,Monsoon-Influenced Warm Summer Continental,Continental,SIF ~ NDVI,NDVI,SIF,52,-0.108591255,1.026831945,0.077547227,5.70E-18,0.778107188,0.882103842,0.066617237,5.70E-18
Shrubland,Natural Vegetation,Oceanic Climate,Oceanic,SIF ~ NDVI,NDVI,SIF,53,0.073104729,0.167821973,0.071655586,0.023119919,0.097109647,0.311624208,0.133055373,0.023119919
Shrubland,Natural Vegetation,Subarctic,Continental,SIF ~ NDVI,NDVI,SIF,53,0.027028344,0.404895965,0.071295904,6.50E-07,0.387402697,0.622416819,0.109597955,6.50E-07
Shrubland,Natural Vegetation,Temperate Oceanic,Temperate,SIF ~ NDVI,NDVI,SIF,53,-0.054984995,0.558718287,0.054397491,5.14E-14,0.674109054,0.821041445,0.079937592,5.14E-14
Shrubland,Natural Vegetation,Tundra,Polar,SIF ~ NDVI,NDVI,SIF,53,0.080800196,-0.071956343,0.098977075,0.470549962,0.01025702,-0.101276946,0.139308022,0.470549962
Shrubland,Natural Vegetation,Warm Summer Continental,Continental,SIF ~ NDVI,NDVI,SIF,53,0.001556798,0.270221409,0.062371577,6.93E-05,0.26902761,0.518678715,0.119719639,6.93E-05
Shrubland,Natural Vegetation,Cold Desert,Arid,GPP ~ NDVI,NDVI,GPP,46,-0.001470185,0.043137818,0.009357468,3.46E-05,0.325691063,0.570693493,0.123795004,3.46E-05
Shrubland,Natural Vegetation,Cold Semi-Arid,Arid,GPP ~ NDVI,NDVI,GPP,46,-0.001715566,0.044050064,0.005716855,1.07E-09,0.574351149,0.757859584,0.098355668,1.07E-09
Shrubland,Natural Vegetation,Hot Desert,Arid,GPP ~ NDVI,NDVI,GPP,46,-0.002527682,0.043467531,0.018218782,0.021408459,0.114551761,0.338454961,0.141858463,0.021408459
Shrubland,Natural Vegetation,Hot Semi-Arid,Arid,GPP ~ NDVI,NDVI,GPP,46,-0.005745486,0.053472169,0.013560418,2.85E-04,0.261115793,0.510994906,0.129587125,2.85E-04
Shrubland,Natural Vegetation,Hot Summer Continental,Continental,GPP ~ NDVI,NDVI,GPP,46,-2.97E-04,0.046171914,0.00666404,1.46E-08,0.521761754,0.722330779,0.104254741,1.46E-08
Shrubland,Natural Vegetation,Humid Subtropical,Temperate,GPP ~ NDVI,NDVI,GPP,46,0.005729506,0.029111344,0.016162669,0.078535425,0.068667385,0.262044624,0.14548763,0.078535425
Shrubland,Natural Vegetation,Mediterranean (cold summer),Temperate,GPP ~ NDVI,NDVI,GPP,46,-0.00224442,0.047646366,0.006890257,1.52E-08,0.520789594,0.721657532,0.104360652,1.52E-08
Shrubland,Natural Vegetation,Mediterranean (hot summer),Temperate,GPP ~ NDVI,NDVI,GPP,46,-0.004794979,0.063825348,0.00900429,8.49E-09,0.5331286,0.730156559,0.103008318,8.49E-09
Shrubland,Natural Vegetation,Mediterranean (warm summer),Temperate,GPP ~ NDVI,NDVI,GPP,46,0.002779249,0.037093541,0.004189211,2.48E-11,0.640531377,0.800332042,0.090386622,2.48E-11
Shrubland,Natural Vegetation,Mediterranean Continental (cold summer),Continental,GPP ~ NDVI,NDVI,GPP,42,5.75E-04,0.074929729,0.006270541,8.94E-15,0.781169849,0.883838135,0.073964544,8.94E-15
Shrubland,Natural Vegetation,Mediterranean Continental (hot summer),Continental,GPP ~ NDVI,NDVI,GPP,45,-8.97E-04,0.055081495,0.007179593,1.39E-09,0.577847224,0.76016263,0.099083331,1.39E-09
Shrubland,Natural Vegetation,Mediterranean Continental (warm summer),Continental,GPP ~ NDVI,NDVI,GPP,46,-5.81E-04,0.044805051,0.005114181,3.35E-11,0.635623273,0.797259853,0.091001589,3.35E-11
Shrubland,Natural Vegetation,Monsoon-Influenced Warm Summer Continental,Continental,GPP ~ NDVI,NDVI,GPP,45,-0.004181735,0.080529182,0.007239546,3.09E-14,0.742101916,0.861453374,0.077444366,3.09E-14
Shrubland,Natural Vegetation,Oceanic Climate,Oceanic,GPP ~ NDVI,NDVI,GPP,46,0.033862501,0.077596125,0.018277392,1.11E-04,0.290597404,0.539070871,0.126975534,1.11E-04
Shrubland,Natural Vegetation,Subarctic,Continental,GPP ~ NDVI,NDVI,GPP,36,-0.001031351,0.049801828,0.005977818,1.00E-09,0.671203137,0.819269881,0.09833868,1.00E-09
Shrubland,Natural Vegetation,Temperate Oceanic,Temperate,GPP ~ NDVI,NDVI,GPP,46,-0.002032491,0.051074474,0.005859463,3.87E-11,0.633268422,0.795781642,0.091295173,3.87E-11
Shrubland,Natural Vegetation,Tundra,Polar,GPP ~ NDVI,NDVI,GPP,45,0.001554213,0.053506823,0.005445132,1.46E-12,0.691890892,0.831799791,0.084648261,1.46E-12
Shrubland,Natural Vegetation,Warm Summer Continental,Continental,GPP ~ NDVI,NDVI,GPP,43,-1.30E-04,0.042429462,0.00609,1.83E-08,0.542104485,0.736277451,0.105679626,1.83E-08
Sod/Grass Seed,Other,Mediterranean (warm summer),Temperate,GPP ~ SIF,SIF,GPP,46,0.008892543,0.1186337,0.004516215,1.59E-28,0.940056808,0.969565268,0.036909962,1.59E-28
Sod/Grass Seed,Other,Mediterranean (warm summer),Temperate,SIF ~ NDVI,NDVI,SIF,53,-0.109766683,1.375617154,0.170824306,1.20E-10,0.559767547,0.748176147,0.092908605,1.20E-10
Sod/Grass Seed,Other,Mediterranean (warm summer),Temperate,GPP ~ NDVI,NDVI,GPP,46,-0.006696121,0.17369697,0.021456676,2.95E-10,0.598294318,0.773494873,0.095549331,2.95E-10
Sorghum,Cropland,Humid Subtropical,Temperate,GPP ~ SIF,SIF,GPP,46,0.011807569,0.134354234,0.006799322,1.66E-23,0.898723793,0.948010439,0.047976369,1.66E-23
Sorghum,Cropland,Humid Subtropical,Temperate,SIF ~ NDVI,NDVI,SIF,53,-0.082652765,1.595946017,0.192388273,5.03E-11,0.574341578,0.757853269,0.091357778,5.03E-11
Sorghum,Cropland,Humid Subtropical,Temperate,GPP ~ NDVI,NDVI,GPP,46,3.38E-04,0.217814199,0.032968692,4.32E-08,0.497994618,0.705687337,0.106813919,4.32E-08
Soybeans,Cropland,Hot Summer Continental,Continental,GPP ~ SIF,SIF,GPP,46,0.010192603,0.140679787,0.004335516,2.28E-32,0.959886484,0.979737967,0.030193887,2.28E-32
Soybeans,Cropland,Humid Subtropical,Temperate,GPP ~ SIF,SIF,GPP,46,0.018935462,0.130966857,0.004569335,4.21E-30,0.949163366,0.974250156,0.033990852,4.21E-30
Soybeans,Cropland,Warm Summer Continental,Continental,GPP ~ SIF,SIF,GPP,42,0.012039161,0.14260531,0.007323311,5.15E-22,0.9045778,0.95109295,0.048842144,5.15E-22
Soybeans,Cropland,Hot Summer Continental,Continental,SIF ~ NDVI,NDVI,SIF,53,-0.105038587,1.560383206,0.102342578,1.24E-20,0.820080977,0.905583225,0.059395488,1.24E-20
Soybeans,Cropland,Humid Subtropical,Temperate,SIF ~ NDVI,NDVI,SIF,53,-0.192096125,1.726768878,0.108724045,2.20E-21,0.831817435,0.912040259,0.057425581,2.20E-21
Soybeans,Cropland,Warm Summer Continental,Continental,SIF ~ NDVI,NDVI,SIF,51,-0.105761474,1.362513434,0.090909102,6.24E-20,0.82092576,0.906049535,0.060453092,6.24E-20
Soybeans,Cropland,Hot Summer Continental,Continental,GPP ~ NDVI,NDVI,GPP,46,-0.004096341,0.216511436,0.017201307,3.52E-16,0.782641439,0.884670243,0.070284901,3.52E-16
Soybeans,Cropland,Humid Subtropical,Temperate,GPP ~ NDVI,NDVI,GPP,46,-0.007307023,0.232630484,0.016941719,1.64E-17,0.810790474,0.900439045,0.065576036,1.64E-17
Soybeans,Cropland,Warm Summer Continental,Continental,GPP ~ NDVI,NDVI,GPP,43,-0.007225675,0.210840573,0.011928654,8.72E-21,0.883987567,0.94020613,0.053193717,8.72E-21
Spring Wheat,Cropland,Cold Semi-Arid,Arid,GPP ~ SIF,SIF,GPP,45,0.009114,0.133408673,0.00536965,3.91E-27,0.934875278,0.966889486,0.038916943,3.91E-27
Spring Wheat,Cropland,Mediterranean (warm summer),Temperate,GPP ~ SIF,SIF,GPP,42,0.009347139,0.155265334,0.006138941,3.21E-26,0.941148689,0.970128182,0.038357304,3.21E-26
Spring Wheat,Cropland,Monsoon-Influenced Warm Summer Continental,Continental,GPP ~ SIF,SIF,GPP,46,0.009060696,0.127900195,0.004707379,3.91E-29,0.943749623,0.971467767,0.035754967,3.91E-29
Spring Wheat,Cropland,Warm Summer Continental,Continental,GPP ~ SIF,SIF,GPP,45,0.007274072,0.109422849,0.004235105,8.05E-28,0.939484001,0.969269829,0.037514648,8.05E-28
Spring Wheat,Cropland,Cold Semi-Arid,Arid,SIF ~ NDVI,NDVI,SIF,53,-0.113044122,1.327525576,0.080534804,4.47E-22,0.841967343,0.917587785,0.055665784,4.47E-22
Spring Wheat,Cropland,Mediterranean (warm summer),Temperate,SIF ~ NDVI,NDVI,SIF,48,-0.105486906,1.137604376,0.090168044,1.53E-16,0.775802089,0.880796281,0.069813091,1.53E-16
Spring Wheat,Cropland,Monsoon-Influenced Warm Summer Continental,Continental,SIF ~ NDVI,NDVI,SIF,53,-0.154511519,1.443117408,0.078454742,3.67E-24,0.869012131,0.932208201,0.050679282,3.67E-24
Spring Wheat,Cropland,Warm Summer Continental,Continental,SIF ~ NDVI,NDVI,SIF,53,-0.138186577,1.390149323,0.071573819,3.22E-25,0.880907126,0.938566527,0.048323435,3.22E-25
Spring Wheat,Cropland,Cold Semi-Arid,Arid,GPP ~ NDVI,NDVI,GPP,45,-0.006833537,0.182622355,0.013258368,2.28E-17,0.81523368,0.902902919,0.065550676,2.28E-17
Spring Wheat,Cropland,Mediterranean (warm summer),Temperate,GPP ~ NDVI,NDVI,GPP,46,-0.005606906,0.171755088,0.013628296,3.37E-16,0.783070975,0.884912976,0.070215419,3.37E-16
Spring Wheat,Cropland,Monsoon-Influenced Warm Summer Continental,Continental,GPP ~ NDVI,NDVI,GPP,46,-0.010552888,0.188355123,0.012318629,3.22E-19,0.841608259,0.917392097,0.059998436,3.22E-19
Spring Wheat,Cropland,Warm Summer Continental,Continental,GPP ~ NDVI,NDVI,GPP,45,-0.008559471,0.156013989,0.010085597,3.52E-19,0.847674185,0.920692231,0.059518575,3.52E-19
Sugarcane,Cropland,Humid Subtropical,Temperate,GPP ~ SIF,SIF,GPP,46,0.014283503,0.143267973,0.005578776,4.05E-28,0.937456336,0.968223288,0.037702081,4.05E-28
Sugarcane,Cropland,Tropical Monsoon,Tropical,GPP ~ SIF,SIF,GPP,46,0.035335041,0.096998487,0.006202529,1.39E-19,0.847520777,0.920608917,0.058867961,1.39E-19
Sugarcane,Cropland,Tropical Savanna (dry winter),Tropical,GPP ~ SIF,SIF,GPP,46,0.036434188,0.095973523,0.005756087,1.23E-20,0.863354949,0.929168956,0.055727635,1.23E-20
Sugarcane,Cropland,Humid Subtropical,Temperate,SIF ~ NDVI,NDVI,SIF,53,-0.042650846,1.336553332,0.208987154,4.90E-08,0.445054706,0.667124206,0.104313375,4.90E-08
Sugarcane,Cropland,Tropical Monsoon,Tropical,SIF ~ NDVI,NDVI,SIF,53,-0.00654258,1.431257481,0.367156354,2.84E-04,0.229562391,0.479126697,0.12290899,2.84E-04
Sugarcane,Cropland,Tropical Savanna (dry winter),Tropical,SIF ~ NDVI,NDVI,SIF,53,0.056326679,1.222120401,0.382861875,0.002419848,0.166520751,0.408069542,0.127838689,0.002419848
Sugarcane,Cropland,Humid Subtropical,Temperate,GPP ~ NDVI,NDVI,GPP,46,0.00554245,0.206175847,0.038925035,3.60E-06,0.389359334,0.623986646,0.117805759,3.60E-06
Sugarcane,Cropland,Tropical Monsoon,Tropical,GPP ~ NDVI,NDVI,GPP,46,0.027944879,0.153493764,0.045260226,0.001479185,0.207226195,0.45522104,0.134229604,0.001479185
Sugarcane,Cropland,Tropical Savanna (dry winter),Tropical,GPP ~ NDVI,NDVI,GPP,46,0.030370515,0.145192193,0.050098915,0.005833053,0.160290033,0.400362377,0.138146,0.005833053
Walnuts,Perennial Crops,Mediterranean (hot summer),Temperate,GPP ~ SIF,SIF,GPP,46,0.018004254,0.131240696,0.010479666,4.19E-16,0.780914344,0.88369358,0.070563584,4.19E-16
Walnuts,Perennial Crops,Mediterranean (hot summer),Temperate,SIF ~ NDVI,NDVI,SIF,53,-0.192348414,1.07087259,0.08745178,8.34E-17,0.746201962,0.863829822,0.070543831,8.34E-17
Walnuts,Perennial Crops,Mediterranean (hot summer),Temperate,GPP ~ NDVI,NDVI,GPP,46,-0.007316051,0.142935443,0.01589559,1.59E-11,0.64760154,0.804736938,0.089493329,1.59E-11
Winter Wheat,Cropland,Cold Semi-Arid,Arid,GPP ~ SIF,SIF,GPP,46,0.002374357,0.163107239,0.008797543,2.05E-22,0.886520419,0.941552133,0.050784657,2.05E-22
Winter Wheat,Cropland,Humid Subtropical,Temperate,GPP ~ SIF,SIF,GPP,46,0.008365278,0.140169571,0.011129955,3.45E-16,0.782830141,0.884776888,0.070254385,3.45E-16
Winter Wheat,Cropland,Mediterranean (hot summer),Temperate,GPP ~ SIF,SIF,GPP,46,0.009342835,0.127570526,0.003806946,5.85E-33,0.96229377,0.980965733,0.029273875,5.85E-33
Winter Wheat,Cropland,Mediterranean (warm summer),Temperate,GPP ~ SIF,SIF,GPP,46,0.009080901,0.124110534,0.00371618,6.74E-33,0.962048765,0.980840846,0.029368828,6.74E-33
Winter Wheat,Cropland,Cold Semi-Arid,Arid,SIF ~ NDVI,NDVI,SIF,53,-0.208498111,1.425600606,0.122553175,5.81E-16,0.726270332,0.852214957,0.073261507,5.81E-16
Winter Wheat,Cropland,Humid Subtropical,Temperate,SIF ~ NDVI,NDVI,SIF,53,-0.156629833,1.239964398,0.287957847,7.56E-05,0.266632047,0.516364258,0.119915653,7.56E-05
Winter Wheat,Cropland,Mediterranean (hot summer),Temperate,SIF ~ NDVI,NDVI,SIF,53,-0.119281541,1.36478315,0.08843108,7.40E-21,0.823643322,0.907547972,0.058804541,7.40E-21
Winter Wheat,Cropland,Mediterranean (warm summer),Temperate,SIF ~ NDVI,NDVI,SIF,53,-0.121260329,1.489709286,0.098324403,1.61E-20,0.818215288,0.904552535,0.059702647,1.61E-20
Winter Wheat,Cropland,Cold Semi-Arid,Arid,GPP ~ NDVI,NDVI,GPP,46,-0.034596981,0.249307283,0.021868834,1.01E-14,0.747072203,0.864333386,0.075817933,1.01E-14
Winter Wheat,Cropland,Humid Subtropical,Temperate,GPP ~ NDVI,NDVI,GPP,46,-0.012123083,0.172010244,0.058214936,0.005010662,0.165568522,0.40690112,0.137711117,0.005010662
Winter Wheat,Cropland,Mediterranean (hot summer),Temperate,GPP ~ NDVI,NDVI,GPP,46,-0.008470397,0.187095091,0.011817296,8.75E-20,0.850676394,0.922321199,0.058255629,8.75E-20
Winter Wheat,Cropland,Mediterranean (warm summer),Temperate,GPP ~ NDVI,NDVI,GPP,46,-0.006751825,0.189421088,0.013219041,3.51E-18,0.823528499,0.90748471,0.063330213,3.51E-18
Woody Wetlands,Natural Vegetation,Cold Semi-Arid,Arid,GPP ~ SIF,SIF,GPP,16,0.005766002,0.048226656,0.006036942,1.39E-06,0.820092055,0.905589341,0.113360344,1.39E-06
Woody Wetlands,Natural Vegetation,Hot Summer Continental,Continental,GPP ~ SIF,SIF,GPP,46,0.009729114,0.152471342,0.004206238,2.07E-34,0.967598941,0.983666072,0.027136464,2.07E-34
Woody Wetlands,Natural Vegetation,Monsoon-Influenced Warm Summer Continental,Continental,GPP ~ SIF,SIF,GPP,40,0.011198535,0.156061131,0.009359136,4.53E-19,0.879764659,0.937957707,0.056250226,4.53E-19
Woody Wetlands,Natural Vegetation,Tropical Monsoon,Tropical,GPP ~ SIF,SIF,GPP,46,0.053062549,0.08489162,0.012962974,5.26E-08,0.493592056,0.702561069,0.107281273,5.26E-08
Woody Wetlands,Natural Vegetation,Cold Semi-Arid,Arid,SIF ~ NDVI,NDVI,SIF,53,-0.136275921,1.221142672,0.066556763,4.11E-24,0.868430081,0.931895961,0.050791755,4.11E-24
Woody Wetlands,Natural Vegetation,Hot Summer Continental,Continental,SIF ~ NDVI,NDVI,SIF,53,-0.11804978,1.516496965,0.10575228,1.58E-19,0.801276595,0.895140545,0.062422251,1.58E-19
Woody Wetlands,Natural Vegetation,Humid Subtropical,Temperate,SIF ~ NDVI,NDVI,SIF,53,0.048223003,0.838218866,0.28768761,0.005291834,0.142703161,0.377760719,0.129652389,0.005291834
Woody Wetlands,Natural Vegetation,Monsoon-Influenced Warm Summer Continental,Continental,SIF ~ NDVI,NDVI,SIF,47,-0.186992668,1.114370942,0.097741374,7.31E-15,0.742839251,0.861881228,0.075595524,7.31E-15
Woody Wetlands,Natural Vegetation,Tropical Monsoon,Tropical,SIF ~ NDVI,NDVI,SIF,53,0.175090574,0.936159689,0.323363427,0.005567508,0.141145628,0.375693529,0.129770111,0.005567508
Woody Wetlands,Natural Vegetation,Tropical Savanna (dry winter),Tropical,SIF ~ NDVI,NDVI,SIF,53,0.198608392,0.765886322,0.153177464,7.15E-06,0.328946793,0.573538833,0.114707916,7.15E-06
Woody Wetlands,Natural Vegetation,Warm Summer Continental,Continental,SIF ~ NDVI,NDVI,SIF,53,0.02960072,1.291266782,0.462098865,0.007309142,0.132776977,0.364385753,0.130400817,0.007309142
Woody Wetlands,Natural Vegetation,Cold Semi-Arid,Arid,GPP ~ NDVI,NDVI,GPP,16,0.001644196,0.044216563,0.014480143,0.008588226,0.399772056,0.632275301,0.207058988,0.008588226
Woody Wetlands,Natural Vegetation,Hot Summer Continental,Continental,GPP ~ NDVI,NDVI,GPP,46,-0.010746644,0.235840834,0.016846015,8.15E-18,0.816662384,0.903693745,0.064550476,8.15E-18
Woody Wetlands,Natural Vegetation,Monsoon-Influenced Warm Summer Continental,Continental,GPP ~ NDVI,NDVI,GPP,44,-0.027605291,0.207523616,0.014382444,7.08E-18,0.832130742,0.912212005,0.063220939,7.08E-18
Woody Wetlands,Natural Vegetation,Tropical Monsoon,Tropical,GPP ~ NDVI,NDVI,GPP,46,0.058721032,0.139823646,0.044840095,0.003203852,0.180993466,0.425433269,0.136432345,0.003203852